normalized,ids
"organizational_change","74|4117"
"reefer_container_management","443|19834"
"futures_contracts","557|11633"
"predictive_modeling","719|4555"
"split_plot_design","769|8426"
"histogram_based_learning","927|7944"
"bayesian_inference","942|8396"
"tensorflow_serving","970|8297"
"custom_layers","979|8023"
"onnx_runtime","1002|8298"
"dependency_parsing","1029|8098"
"multi_label_classification","1046|8083"
"multilingual_models","1053|8090"
"speaker_diarization","1065|8165"
"mask_r_cnn","1091|8183"
"medical_imaging","1102|8230"
"convolutional_neural_networks","1107|7997"
"optical_character_recognition","1130|8194"
"experiment_tracking","1258|8290"
"rest_apis","1284|11816"
"drift_detection","1301|5260"
"memory_optimization","1365|8461"
"spark_streaming","1391|8238"
"research_paper_writing","1531|6901"
"root_cause_analysis","1597|7087"
"cognitive_walkthrough","1601|28163"
"load_testing","1674|33849"
"performance_monitoring","1707|10558"
"dynamic_analysis","1757|23228"
"matrix_builds","1789|33634"
"visual_testing","1873|28454"
"image_recognition","1882|29622"
"unit_testing","1901|33821"
"brand_identity","2065|10694"
"fuel_systems","2109|21778"
"safety_assessment","2121|30206"
"predictive_maintenance","2151|1434"
"real_time_rendering","2183|28578"
"parts_catalogs","2210|23163"
"product_design","2248|10535"
"electrical_schematics","2271|23171"
"heat_transfer","2300|23735"
"hydraulic_systems","2324|21777"
"second_life_battery_systems","2393|30999"
"stationary_storage","2394|9452"
"part_consolidation","2406|17005"
"functional_prototypes","2409|31668"
"phased_array_ut","2548|25564"
"dimensional_metrology","2552|17016"
"certification_management","2576|10466"
"first_article_inspection","2580|26960"
"creep_testing","2593|25700"
"ferrous_metallurgy","2626|25514"
"multi_material_design","2676|17007"
"quality_inspection","2704|23150"
"industrial_iot","2709|17125"
"spot_welding","2732|16642"
"custom_themes","3256|32623"
"route_optimization","3418|26728"
"cost_optimization","3488|27169"
"google_pay","3524|31902"
"innovation_management","3719|31413"
"swot_analysis","3761|28046"
"tows_matrix","3762|28047"
"program_management","3780|35164"
"product_led_growth","3790|22757"
"custom_workflows","3896|32515"
"api_integration","3904|17214"
"resource_management","3917|23356"
"six_sigma_green_belt","4008|26989"
"hybrid_work_models","4054|29558"
"business_case_development","4083|31997"
"process_integration","4143|23770"
"membrane_separation","4153|25725"
"life_cycle_cost_analysis","4195|6172"
"model_predictive_control","4265|1165"
"alarm_management","4266|23524"
"single_crystal_xrd","4285|27910"
"robotic_welding","4321|21755"
"structural_ceramics","4324|23637"
"high_temperature_materials","4337|2424"
"life_cycle_assessment","4396|9809"
"emergency_preparedness","4419|25603"
"process_safety_management","4422|25719"
"recycling_programs","4433|22064"
"heat_stress_management","4436|592"
"business_continuity","4447|17748"
"co2_utilization","4461|34510"
"quantum_dots","4489|27202"
"optical_sensors","4517|23538"
"statistical_thermodynamics","4558|23726"
"waste_heat_recovery","4572|9202"
"hydrogen_storage","4575|34485"
"combustion_engineering","4586|23746"
"yokogawa_centum","4771|16295"
"wireless_networks","4810|9280"
"common_cause_failures","4826|12160"
"structural_modeling","4871|25833"
"pipeline_optimization","4970|32913"
"pipeline_orchestration","4988|17104"
"container_networking","5000|33621"
"dashboard_design","5054|26140"
"fatigue_management","5131|12068"
"aws_lambda","5195|33854"
"continuous_deployment","5243|28137"
"standard_operating_procedures","5381|18726"
"public_speaking","5398|18573"
"data_storytelling","5407|28589"
"brand_storytelling","5455|28719"
"asynchronous_communication","5480|28913"
"breakout_room_management","5518|35092"
"autocad_civil_3d","5606|23250"
"white_box_testing","1576|1910"
"beta_testing","1584|28035"
"voice_evacuation_systems","5786|11933"
"smoke_detection","5787|29639"
"vlan_configuration","7278|21996"
"refrigeration_systems","5902|23350"
"water_cooled_chillers","5922|23329"
"sds_database_management","6000|12359"
"asbestos_management","6028|29665"
"abc_analysis","6141|28819"
"energy_management_systems","6216|9332"
"coordination_meetings","6236|23665"
"safety_monitoring","6242|30239"
"leed_bd_plus_c","6249|34119"
"leed_o_plus_m","6250|34120"
"daylighting_design","6262|34155"
"renewable_energy_systems","6263|23182"
"carbon_footprint_analysis","6287|29464"
"embodied_carbon","6288|29452"
"operational_carbon","6289|29465"
"natural_light","6316|24150"
"adaptive_reuse","6320|29479"
"industry_reports","6473|32612"
"instagram_stories","6517|32642"
"press_release_writing","6655|10717"
"seasonal_updates","6817|32181"
"narrative_podcasts","6889|24235"
"mixed_methods","6904|26511"
"scoping_reviews","6917|31375"
"multiple_case_studies","6965|31396"
"style_transfer","7027|1119"
"complaint_handling","7194|13066"
"usage_analytics","7212|8776"
"rogue_ap_detection","7294|16838"
"password_policies","7511|16831"
"incident_response","7599|9305"
"log_analysis","7613|17776"
"hipaa_compliance","7788|10108"
"digital_forensics","7879|24276"
"fraud_investigation","7903|12513"
"early_stopping","7943|923"
"categorical_feature_handling","7948|931"
"neural_architecture_search","7961|955"
"multi_head_attention","8010|1077"
"functional_api","8021|977"
"few_shot_learning","8030|1048"
"variational_autoencoders","8036|1465"
"named_entity_recognition","8072|1041"
"retrieval_augmented_generation","8106|1195"
"prompt_crafting","8132|1456"
"style_control","8133|1470"
"multimodal_ai","8151|1486"
"instance_segmentation","8180|1101"
"time_travel","8251|33832"
"data_quality","8286|17436"
"model_deployment","8292|1563"
"a_b_testing","8318|17068|22722|1309"
"model_optimization","8330|1000"
"stored_procedures","8335|27130"
"calculated_fields","8349|17096"
"r_programming","8374|30367"
"confidence_intervals","8389|12206"
"propensity_score_matching","8405|790"
"survival_analysis","8408|27600"
"experimental_design","8422|31371"
"model_conversion","8442|1406"
"flipped_classroom","8525|35075"
"canvas_api","8539|33417"
"compliance_training","8569|32154"
"inclusive_hiring","8767|18463"
"jupyter_notebooks","1497|8384"
"remote_assistance","8986|16579"
"product_tours","9042|32845"
"ai_powered_learning_tools","9056|34801"
"assistive_technology_integration","9084|34851"
"modbus_ascii","9360|14681"
"real_time_simulation","9472|2537"
"relay_testing","9500|5805"
"motor_monitoring","9592|15022"
"probabilistic_forecasting","9697|3869"
"climate_disclosure","9833|19167"
"trade_secret_protection","9900|19127"
"category_management","10500|19691"
"inventory_management","10509|11475"
"iso_14001","10568|4426"
"editorial_illustration","10654|13759"
"brand_positioning","10695|22189"
"proxy_workflow","10905|24573"
"remote_collaboration","10937|9615"
"overhead_rigging","11026|24163"
"foley_artistry","11053|23992"
"audio_mixing","11057|23977"
"cg_integration","11097|24025"
"particle_systems","11112|24049"
"color_space_management","11127|24578"
"historical_accuracy","11157|24172"
"audio_gear","11215|24549"
"bmpcc_6k","11244|23842"
"streaming_optimization","11266|23985"
"2k_dcp","11272|24608"
"4k_dcp","11273|24609"
"3d_dcp","11274|24610"
"atmos_dcp","11275|24611"
"instagram_reels","11281|24259"
"linkedin_video","11284|24261"
"production_budgeting","11293|24491"
"call_sheet_creation","11297|24505"
"motion_graphics_design","11309|24108"
"explainer_videos","11310|24111"
"sports_graphics","11318|23889"
"kinetic_typography","11320|33283"
"cinema_4d","11324|24092"
"broadcast_graphics","11326|23896"
"character_animation","11328|24089"
"product_rendering","11329|28572"
"budgeting_and_forecasting","11348|19345"
"fraud_detection_and_prevention","11505|18968"
"operational_risk_management","11742|17869"
"liquidity_risk_management","11752|17884"
"capital_planning","11777|29200"
"deluge_systems","11938|20390"
"central_battery_systems","11990|20407"
"eye_protection","12015|20671"
"media_training","12225|22488"
"solid_waste_management","12311|4432"
"defense_in_depth","12479|7838"
"multi_factor_authentication","12507|7466"
"counterbalance_forklift","12650|19515"
"critical_lift_planning","12666|6044"
"loss_prevention","12859|31783"
"generative_design","2284|23132"
"paper_prototyping","13263|28419"
"network_architecture","13277|23499"
"event_handling","13326|33452"
"code_review","13341|1495"
"pyro_fx","13377|24054"
"full_body_capture","13503|24448"
"fluid_simulation","13573|24055"
"print_design","13743|10201"
"title_sequences","13789|24110"
"character_sculpting","13835|24112"
"hard_surface_sculpting","13836|24113"
"label_design","13886|28690"
"personal_branding","13900|18814"
"filled_icons","13908|28242"
"360_video_editing","13960|23810"
"audio_post_production","13967|23816"
"location_based_ar","14106|24434"
"face_filters","14125|24435"
"browser_vr","14139|24466"
"thermal_simulation","2503|25402"
"aws_iot_greengrass","14576|16452"
"industrial_automation","14599|23531"
"edge_analytics","14612|16412"
"pressure_sensors","14654|10638"
"modbus_tcp_ip","14680|9359"
"metal_matrix_composites","2619|25531"
"ceramic_matrix_composites","2620|25569"
"material_selection","2621|22074"
"bearing_analysis","15023|25881"
"smart_hvac","15052|29218"
"temperature_monitoring","15065|29495"
"critical_care_nursing","15076|24844"
"pain_management","15097|25212"
"fetal_monitoring","15112|24719"
"progress_notes","15121|24682"
"discharge_summaries","15122|24683"
"dementia_care","15127|29836"
"spiritual_care","15128|24708"
"trauma_nursing","15129|24853"
"stroke_management","15131|25061"
"disaster_response","15132|24854"
"neurological_rehabilitation","15137|29838"
"chronic_disease_management","15138|24679"
"diabetes_management","15139|24696"
"heart_failure_management","15142|24698"
"general_surgery","15148|24783"
"trauma_surgery","15150|24827"
"abdominal_surgery","15151|24784"
"minimally_invasive_surgery","15152|24788"
"heart_transplant","15162|24825"
"cardiovascular_pharmacology","15253|27291"
"asset_management","2746|28484"
"product_lifecycle_management","2747|28117"
"requirements_management","2748|23160"
"antibody_engineering","15325|27351"
"bispecific_antibodies","15334|27356"
"single_cell_sequencing","15343|27410"
"cell_free_systems","15349|512"
"flow_cytometry","15419|27429"
"cloud_pacs","15507|24739"
"malaria_control","15565|30736"
"virtual_teams","2817|30001"
"medical_device_regulation","15607|31730"
"phase_i_iv_trials","15611|25205"
"motion_control","2834|1478"
"api_manufacturing","15621|27655"
"on_site_monitoring","15686|30786"
"sleep_monitoring","15757|24908"
"compliance_reporting","15818|16759"
"burnout_prevention","15910|5"
"vendor_management","15931|10556"
"content_management","16029|32084"
"performance_analytics","16100|319"
"real_time_dashboards","16165|17091|20765"
"batch_control","16290|2734"
"abb_800xa","16293|4772"
"motion_control_systems","16306|21083"
"recipe_development","16332|4828"
"azure_iot_central","16448|14581"
"vibration_sensors","16476|20613"
"kpi_dashboards","16553|11362"
"carbon_footprint_tracking","16557|19438"
"prescriptive_analytics","16565|20020"
"quick_changeover","16570|2739"
"material_handling","16598|2701"
"torque_control","16634|2845"
"laser_welding","16643|2632"
"quality_metrics","16763|15482"
"what_if_analysis","16782|19683"
"behavioral_analysis","16841|3507"
"vulnerability_assessment","16855|7557"
"rollback_procedures","16857|18343"
"ftir_spectroscopy","16882|4359"
"reliability_centered_maintenance_rcm","16903|20193|21127"
"custom_dashboards","16917|18173"
"binder_jetting","16992|20794"
"poka_yoke","17031|21016"
"delta_lake","17082|8282"
"scada_systems","17133|4777"
"fleet_telematics","17621|19418"
"wallet_integration","17644|2945"
"a_b_testing_and_experimentation","17704|22299|32551"
"stress_testing_and_scenario_analysis","17899|11773"
"business_continuity_and_disaster_recovery","17908|11760|18988"
"cloud_storage","18360|24625"
"reputational_risk","18489|18957"
"annual_reviews","18531|16066"
"business_continuity_planning","18640|7806"
"professional_development","18837|8676"
"kpi_development","18992|25914"
"fda_submissions","19050|27591"
"trademark_management","19102|31577"
"embedded_insurance","3454|17364"
"real_time_fraud_detection","19296|17676"
"order_picker","19517|12652"
"control_tower_operations","19709|26934"
"pharmaceutical_cold_chain","19823|26761"
"controlled_atmosphere_storage","19837|442"
"autonomous_mobile_robots_amr","19890|16644"
"laser_guided_agv","19908|21090"
"custom_visualizations","20044|32690"
"oracle_transportation_management","20057|26724"
"fishbone_diagram","20109|28058"
"building_management_systems_bms","20171|34147"
"asset_lifecycle_management","20174|9597"
"chiller_plant_optimization","20318|31179"
"access_control_systems","20332|29228"
"cybersecurity_for_physical_systems","20343|12495"
"phased_evacuation","20398|12239"
"kitchen_fire_suppression_systems","20427|11966"
"composting_and_organic_waste_management","20522|34024"
"rcra_compliance","20535|34234"
"osha_1910_general_industry","20665|12007"
"rockwell_factorytalk","20742|26845"
"mixed_model_production","20757|26849"
"investment_casting","20805|25549"
"solidworks_simulation","20851|16957"
"failure_mode_and_effects_analysis_fmea","20872|12086"
"geometric_dimensioning_and_tolerancing_gd_and_t","20904|23136"
"supplier_quality_management","20919|26959"
"long_term_capability","20924|26979"
"allen_bradley_plc","21047|21695|4774"
"deep_learning_vision","21073|23543"
"industrial_cybersecurity","21096|17136"
"lockout_tagout","21112|20074"
"lockout_tagout_loto","21116|6008"
"e_procurement","21233|19690"
"material_traceability","21255|21817"
"performance_based_design","21385|8480"
"condition_based_maintenance","21442|21102"
"export_control","21585|2807"
"firewall_management","21997|18187"
"compliance_tracking","22021|9055"
"waste_management","22084|15012"
"product_launch_campaigns","22257|33067"
"street_furniture","22280|32731"
"multi_channel_campaigns","22387|32722"
"enhanced_e_commerce","22397|32058"
"google_tag_manager","22402|32692"
"behavioral_segmentation","22528|32218"
"churn_analysis","22552|32832"
"prototype_testing","22566|28650"
"technology_trends","22584|18839"
"canva_design","22622|33258"
"customer_lifetime_value_analysis","22668|32221"
"real_time_reporting","22693|1970|26551"
"win_back_campaigns","22714|7197"
"cross_domain_tracking","22719|32694"
"win_loss_analysis","22771|8751|32020"
"partner_marketing","22785|32836"
"influencer_contract_negotiation","22832|33073"
"attribution_modeling","22845|32060"
"vip_programs","22855|7217"
"domain_reputation","22883|32791"
"promotional_sms","22902|32795"
"demographic_scoring","22925|32509"
"twitter_spaces","22981|33036"
"badge_printing","23052|29574"
"panel_discussions","23060|31555"
"engagement_tracking","23063|33087"
"revenue_attribution","23065|32765"
"session_recordings","23079|28663"
"contingency_planning","23089|29078"
"hubspot_marketing_certification","23107|32925"
"parametric_design","23112|2280"
"sheet_metal","23113|2285"
"mold_design","23114|2243"
"piping_design","23121|2321"
"cam_programming","23122|2301"
"advanced_simulation","23124|2247"
"die_design","23125|21172"
"fusion_360","23131|2283"
"additive_manufacturing","23133|20792"
"cnc_machining","23134|2705"
"datum_reference_frames","23139|20907"
"surface_modeling","23144|2177"
"automotive_styling","23145|2275"
"reverse_engineering","23147|2197"
"dtc_control","23196|2843"
"bim_coordination","23240|5583"
"pre_engineered_buildings","23270|5846"
"well_building_standard","23336|6307"
"acoustic_insulation","23341|5891"
"value_engineering","23366|6144"
"fall_protection","23384|5978"
"cpi_spi_analysis","23397|6183"
"variance_analysis","23398|11352"
"electrical_calibration","23514|21131"
"regression_testing","23584|1570"
"sandwich_structures","23599|2144"
"corrosion_protection","23628|2070"
"multiphase_flow","23732|2299"
"centrifugal_pumps","23742|5715"
"water_tube_boilers","23762|5927"
"multicam_editing","23804|10902"
"aces_workflow","23814|11128"
"red_camera_systems","23831|10802"
"digital_imaging_technician","23856|11250"
"virtual_production","23871|11071"
"film_mixing","23953|11058"
"music_mixing","23981|11059"
"adobe_after_effects","24020|11089"
"motion_tracking","24022|11108"
"geometry_nodes","24086|13344"
"architectural_rendering","24097|13828"
"creature_design","24114|13996"
"crowd_simulation","24141|13583"
"live_reporting","24228|11135"
"investigative_interviews","24268|6642"
"statistical_analysis","24275|4199"
"ad_integration","24392|13697"
"live_streaming","24406|6638"
"marker_based_ar","24432|14105"
"spatial_audio_design","24445|14115"
"training_simulations","24459|6233"
"mobile_ar","24462|14123"
"feature_films","24515|6830"
"union_compliance","24541|16203"
"point_of_care_testing","24763|15408"
"spine_surgery","24805|15179"
"physical_therapy","24866|15764"
"peritoneal_dialysis","24971|15209"
"meditech_ambulatory","25011|15474"
"hipaa_compliance_and_privacy","25029|15534"
"ergonomic_assessment","25130|21148"
"pressure_transient_analysis","25368|4217"
"property_modeling","25396|4872"
"cryogenic_processing","25724|4233"
"pipeline_scada","25743|4249"
"community_relations","25809|22473"
"high_voltage_safety","25962|20703"
"environmental_regulations","26092|19057"
"portfolio_monitoring","26145|11685"
"focus_groups","26161|13279"
"regression_analysis","26174|8392"
"grassroots_advocacy","26302|22472"
"sasb_standards","26362|11544"
"nutrition_and_food_security_programs","26405|30541"
"sign_language","26427|13078"
"same_day_delivery","26746|19450"
"oracle_wms","26779|19479"
"blind_counting","26788|19503"
"sap_mes","26844|20741"
"machine_learning_forecasting","27093|20749"
"tableau_prep","27112|22697"
"lean_six_sigma_green_belt","27178|4110"
"protein_engineering","27349|15332"
"whole_genome_sequencing","27408|15341"
"cancer_genomics","27723|15724"
"log_analytics","5083|33583"
"user_story_mapping","28076|3690"
"go_to_market_strategy","28092|22725"
"rapid_prototyping","28407|2408"
"visual_storytelling","28431|8652"
"cognitive_accessibility","28514|22914"
"automated_scanning","28531|1743"
"brand_architecture","28676|13871"
"energy_monitoring","29183|2711"
"vibration_analysis","29215|19940"
"facial_recognition","29240|7504"
"performance_attribution","29329|11649"
"detailed_estimating","29397|6122"
"leed_certification","29430|12933"
"solar_pv_systems","29458|6264"
"mqtt_protocol","29502|14682"
"risk_modeling","29595|3817"
"time_series","29634|8339"
"screening_tools","30297|11644"
"good_clinical_practice_gcp","30416|15610"
"international_trials","30431|15612"
"510k_submissions","30654|19052"
"temperature_excursion_management","30780|19850"
"ice_protection","30932|2110"
"hydrogen_fuel_cell_systems","31041|2384"
"building_energy_management_systems_bems","31149|20656"
"canonical_correlation","31475|8415"
"risk_assessment_and_management","31616|7792"
"budget_management","31620|5285"
"promotional_planning","31790|19679"
"competitive_analysis","31803|2198"
"service_blueprinting","31831|22581"
"apple_pay","31901|3523"
"facebook_marketplace","32079|22988"
"expense_management","32147|11859"
"customer_segmentation","32216|3458"
"ambassador_programs","32232|22847"
"product_bundling","32315|22823"
"performance_max","32534|22339"
"custom_reports","32548|15997"
"affiliate_marketing","32558|22407"
"commercial_scripts","32607|10869"
"radio_advertising","32740|22288"
"sms_marketing","32793|22900"
"saas_pricing","32821|22753"
"action_planning","32870|5498"
"idea_pins","32991|22997"
"influencer_discovery_and_vetting","33061|22796"
"lead_gen_forms","33118|22352"
"hootsuite_platform_management","33141|22963"
"social_media_crisis_management","33185|23010"
"build_automation","33630|13674"
"selenium_grid","33830|1604"
"mock_servers","33840|1667"
"estimate_at_completion","6184|23399"
"trend_analysis","6185|945"
"solar_thermal","34149|6265"
"instructional_design","34545|16036"
"curriculum_mapping","34549|8473"
"learning_objectives_development","34559|8494"
"udl_assessment","34578|9105"
"immersive_reader","34826|8555"
"data_collection","34846|5093"
"asynchronous_learning_design","35072|8894"
"blended_learning_design","35079|8524"
"microsoft_teams","35184|3898"
"conflict_of_interest_management","6674|9974"
"data_mapping","7825|30574"
"model_selection","7952|916"
"generative_adversarial_networks","8025|1459"
"entity_recognition","8097|1028"
"hybrid_search","8108|1197"
"function_calling","8125|1208"
"tool_use","8140|1242"
"task_dependencies","8246|28640"
"data_cataloging","8276|17083"
"model_serving","8296|1251"
"weights_and_biases","8445|1257"
"computer_based_testing","9127|34694"
"corrective_maintenance","9633|20162"
"demand_forecasting","13142|27172"
"adobe_illustrator","13737|28253"
"adobe_xd","13922|28213"
"annual_reports","14031|30672"
"transactional_emails","14166|28742"
"azure_digital_twins","14582|16937"
"radiology_and_medical_imaging","15188|24730"
"medicinal_chemistry","15245|27489"
"remote_monitoring","15683|21701"
"can_fd","16680|14675"
"executive_coaching","18465|3954"
"recognition_and_rewards","18538|35155"
"executive_presence","18567|5413"
"vendor_performance_evaluation","20188|31822"
"sewer_entry","20684|25958"
"continuous_flow_manufacturing","21035|26848"
"siemens_plc","21694|2687"
"server_administration","22696|17098"
"google_analytics_certification","23108|32923"
"service_manuals","23164|2207"
"audio_processing","23199|14989"
"image_processing","23200|4295"
"revit_structure","23236|5591"
"design_collaboration","23374|2794"
"bluebeam_revu","23405|6134"
"construction_sequencing","23708|6204"
"color_grading","24033|10973"
"creature_animation","24102|13402"
"puppet_animation","24130|13805"
"tool_development","24144|13274"
"beat_board","24224|6840"
"broadcast_journalism","24225|6646"
"voice_cloning","8158|1069"
"orthopedic_surgery","24808|15178"
"strategic_roadmapping","28200|3925"
"brand_color_systems","28229|13879"
"adobe_photoshop","28248|10974"
"affinity_designer","28285|13746"
"hover_states","28306|13933"
"poster_design","28604|13771"
"marketing_automation","29102|22375"
"virtual_tours","29130|14011"
"document_management","29298|6170"
"passive_house_design","29466|6282"
"legal_compliance","30331|4484"
"multiplex_pcr","31494|15346"
"order_management_systems_oms","32276|19714"
"email_copywriting","32613|22630"
"custom_components","33431|14617"
"github_actions","33632|1786"
"unreal_engine","33712|13243"
"arm_architecture","33765|14487"
"bayesian_optimization","1511|7960"
"sensitivity_analysis","1525|11346"
"natural_language_processing","1556|11377"
"reinforcement_learning","1566|7962"
"usability_testing","1599|28036"
"heuristic_evaluation","1600|28161"
"web_scraping","1635|25866"
"page_object_model","1656|33829"
"performance_testing","1679|23583"
"real_time_monitoring","1711|10590|22554"
"performance_metrics","1718|29379"
"mobile_performance","1730|28729"
"active_scanning","1744|16861"
"quality_gates","1770|17034"
"workflow_automation","1787|17272"
"gitlab_ci_cd","1790|33636"
"auto_devops","1791|33638"
"blue_prism","1823|16649"
"automation_anywhere","1828|16650"
"performance_analysis","5089|16784"
"api_testing","1863|33838"
"pipeline_management","1945|31986"
"backlog_management","1947|16924"
"advanced_filters","1955|23880"
"embedded_systems","1977|17130"
"global_sourcing","2080|26681"
"risk_management","2081|18486"
"fire_protection","2111|23305"
"cryogenic_systems","2129|23764"
"carbon_fiber","2143|23597"
"digital_manufacturing","2156|17128"
"packaging_design","2166|10687"
"design_for_manufacturing","2172|31426"
"injection_molding_design","2173|31657"
"sheet_metal_design","2175|23110"
"design_for_assembly","2176|31427"
"product_visualization","2182|24098"
"design_thinking","2187|27999"
"service_design","2188|22136"
"experience_design","2189|31412"
"sustainable_materials","2193|10359"
"quality_control","2200|23375"
"sustainable_product_design","2202|31283"
"cradle_to_cradle_design","2203|10450"
"circular_economy","2206|567"
"durability_testing","2212|31032"
"environmental_testing","2213|31031"
"digital_portfolio","2215|10672"
"print_portfolio","2216|10673"
"interactive_portfolio","2217|10674"
"patient_monitoring","2223|25209"
"siemens_nx","2244|17002"
"ansys_fluent","2250|16951"
"complex_geometry","2282|29302"
"finite_element_analysis","2292|31639"
"nonlinear_analysis","2294|16958"
"contact_analysis","2295|23286"
"computational_fluid_dynamics","2296|31641"
"high_speed_machining","2303|21207"
"lattice_structures","2306|17006"
"laser_cutting","2316|10262"
"pneumatic_systems","2325|25888"
"battery_management_systems","2326|9395"
"active_balancing","2327|9396"
"passive_balancing","2328|9397"
"permanent_magnet_motors","2332|21706"
"power_electronics","2336|23173"
"high_voltage_systems","2351|21689"
"frequency_regulation","2361|9433"
"peak_shaving","2362|21710"
"demand_response","2363|23449"
"battery_testing_and_validation","2370|31029"
"abuse_testing","2371|31030"
"phase_change_materials","2377|10602"
"pem_fuel_cells","2385|31042"
"grid_services","2395|31014"
"off_grid_applications","2396|9453"
"commercial_storage","2397|30994"
"metal_3d_printing","2399|31643"
"polymer_printing","2400|23559"
"stainless_steel","2416|16996"
"statistical_process_control","2430|26945"
"airfoil_design","2494|30930"
"six_sigma","2546|7148"
"non_destructive_testing","2547|25563"
"digital_radiography","2549|25565"
"vision_systems","2556|31649"
"reliability_engineering","2557|21461"
"design_fmea","2558|12087"
"process_fmea","2559|12088"
"fault_tree_analysis","2560|27998"
"process_safety","2570|21668"
"component_testing","2572|28453"
"fatigue_testing","2574|23624"
"type_approval","2577|21370"
"fracture_mechanics","2592|23287"
"composite_materials_engineering","2611|23596"
"lightweight_materials","2616|21397"
"joining_technologies","2630|23648"
"friction_stir_welding","2631|23620"
"structural_adhesives","2633|23651"
"corrosion_engineering","2635|23605"
"galvanic_corrosion","2637|23606"
"stress_corrosion_cracking","2638|23607"
"thermal_management","2646|9398"
"fatigue_and_fracture_mechanics","2657|23621"
"high_cycle_fatigue","2658|23622"
"low_cycle_fatigue","2659|23623"
"injection_molding","2667|10355"
"electronic_ceramics","2675|23638"
"industrial_robotics","2681|17127"
"collaborative_robots","2683|23505"
"plc_programming","2686|17132"
"mitsubishi_plc","2689|23480"
"machine_vision_systems","2691|23541"
"defect_detection","2692|17070"
"3d_vision","2695|1125"
"machine_tending","2703|16600"
"multi_axis_machining","2706|21153|23555"
"asset_tracking","2710|23579"
"quality_analytics","2712|17050"
"automated_guided_vehicles","2713|26799"
"lean_manufacturing","2722|26984"
"real_time_scheduling","2729|25583"
"arc_welding","2731|16597"
"safety_systems","2736|9399"
"flexible_manufacturing_systems","2738|16566"
"digital_twin_technology","2742|21459"
"deviation_management","2776|16754"
"compliance_management","2784|31269"
"supplier_collaboration","2793|10536"
"visual_work_instructions","2802|27013"
"modular_design","2815|10442"
"system_integration","2835|29421"
"pack_integration","2839|31019"
"user_manuals","2858|32601"
"bridge_integration","2894|21699"
"plugin_development","2958|1008"
"performance_optimization","2970|17049"
"query_optimization","2988|33560"
"algorithmic_trading","3019|9706"
"metadata_management","3036|17089"
"order_management","3076|10589"
"market_analytics","3080|738"
"collateral_management","3113|17888"
"yield_optimization","3149|16564"
"revenue_sharing","3239|22142"
"push_notifications","3286|28337"
"static_analysis","3366|23227"
"dynamic_testing","3367|25698"
"homomorphic_encryption","3373|1337"
"account_management","3393|31962"
"fraud_detection","3422|33080"
"portfolio_optimization","3443|29330"
"regulatory_reporting","3449|17836"
"claims_automation","3453|17605"
"transaction_analysis","3457|29083"
"penetration_testing","3473|31116"
"real_time_settlement","3484|9714"
"subscription_lifecycle","3490|7117"
"event_sourcing","3512|33799"
"expiry_management","3530|30782"
"courtroom_testimony","3582|12590"
"memory_management","3613|1361"
"document_verification","3649|17781"
"risk_scoring","3651|17662"
"certified_scrum_product_owner_cspo","3664|28810"
"lean_six_sigma","3677|18609"
"lean_enterprise","3678|26985"
"lean_startup","3679|31421"
"release_planning","3689|28077"
"agile_product_management","3702|28095"
"schedule_optimization","3710|25573"
"earned_value_management_evm","3720|23396"
"resource_leveling","3726|29394"
"baseline_management","3729|23357"
"feasibility_studies","3750|31726"
"interactive_prototypes","3771|28304"
"product_lifecycle_management_plm","3777|23158"
"concierge_mvp","3784|28114"
"wizard_of_oz_mvp","3785|28115"
"go_to_market_gtm_strategy","3787|32804"
"weighted_scoring","3795|28026"
"cost_of_delay","3796|28024"
"opportunity_scoring","3797|28801"
"engagement_metrics","3800|24397"
"ethnographic_research","3803|26509"
"portfolio_management","3805|23362"
"monte_carlo_simulation","3816|28067"
"crisis_management","3822|7193"
"change_management","3824|7260"
"cultural_change","3827|18499"
"conflict_resolution","3828|7229"
"community_engagement","3833|27624"
"gdpr_compliance","3841|10107"
"sox_compliance","3842|9938"
"project_scheduling","3844|28851"
"schedule_compression","3845|23412"
"capacity_planning","3850|10574"
"milestone_planning","3856|28815"
"lean_canvas","4068|28135"
"parametric_modeling","3863|23239"
"lean_scheduling","3865|16749"
"microsoft_project","3886|23359"
"strategic_planning","3922|18436"
"scenario_planning","3924|323"
"executive_dashboards","3931|17700"
"predictive_analytics","3933|7169"
"change_leadership","3934|35165"
"digital_transformation","3935|18498"
"servant_leadership","3936|10032"
"agile_leadership","3937|18623"
"investor_relations","3946|18579"
"zero_based_budgeting","3960|26623"
"capital_budgeting","3961|31622"
"strategic_sourcing","3970|26680"
"supplier_relationship_management","3972|26683"
"iso_audits","3978|26970"
"iso_9001","3987|10567"
"six_sigma_black_belt","4009|26990"
"data_driven_decision_making","4056|873"
"advanced_analytics","4057|27103"
"automated_reporting","4062|29619"
"value_stream_mapping","4064|26995"
"impact_mapping","4071|28090"
"sprint_planning","4079|28848"
"cost_benefit_analysis","4090|20955|26149"
"power_bi","4094|16916"
"dax_formulas","4095|29617"
"process_optimization","4113|18444"
"lean_six_sigma_black_belt","4114|27179"
"gas_processing","4138|25723"
"process_troubleshooting","4140|27250"
"energy_optimization","4170|841"
"real_time_optimization","4173|9191"
"turbulence_modeling","4187|16954"
"emissions_control","4206|9148"
"material_balance","4216|25919"
"directional_drilling","4219|25346"
"underbalanced_drilling","4221|25411"
"amine_treating","4234|25726"
"polymer_flooding","4244|25391"
"microbial_eor","4245|25392"
"subsea_pipelines","4247|25711"
"digital_twin","4254|23578"
"fixed_platforms","4257|25747"
"safety_instrumented_systems","4267|25722"
"bow_tie_analysis","4270|21115|21871"
"emergency_response","4272|91"
"powder_xrd","4284|27909"
"induction_hardening","4297|25544"
"vacuum_heat_treatment","4300|25543"
"quality_assurance","4305|29898"
"high_entropy_alloys","4308|25527"
"additive_manufacturing_powders","4312|25532"
"materials_selection_and_design","4336|23587"
"non_destructive_testing_ndt","4339|20899|23610"
"eddy_current_testing","4340|25566"
"high_throughput_screening","4345|27484"
"twin_screw_extrusion","4354|453"
"nmr_spectroscopy","4360|31500"
"gas_assisted_molding","4383|20791"
"post_processing","4413|20789"
"osha_compliance","4416|29669"
"quantitative_risk_assessment","4421|12085"
"epa_regulations","4425|25798"
"environmental_impact_assessment","4427|25767"
"respiratory_protection","4435|25942"
"confined_space_entry","4438|25956"
"process_safety_management_psm","4439|12071"
"pre_startup_safety_reviews","4442|12075"
"contractor_safety","4443|25925"
"crisis_communication","4448|90"
"reverse_osmosis","4457|31277"
"zero_liquid_discharge","4458|31276"
"dust_explosion_prevention","4467|12123"
"stack_testing","4477|34264"
"ems_implementation","4482|33872"
"raman_spectroscopy","4494|31501"
"solid_state_batteries","4528|31004"
"titanium_alloys","4541|25525"
"neural_networks","4553|21714"
"fuel_cells","4567|9187"
"energy_storage","4568|371"
"flow_batteries","4578|9392"
"battery_recycling","4580|9454"
"heat_exchangers","4582|22060"
"air_separation","4592|23766"
"carbon_capture_and_storage_ccs","4596|31249|33974"
"geological_storage","4598|33976"
"nuclear_safety","4603|30714"
"heat_pumps","4606|31264"
"vav_systems","4607|23291"
"combustion_modeling","4615|23734"
"batch_processing","4648|23973"
"enzyme_production","4658|27822"
"pitting_corrosion","4693|25533"
"cathodic_protection_systems","4695|21810"
"storage_tanks","4699|23771"
"high_temperature_corrosion","4710|23609"
"composite_materials","4718|25567"
"risk_based_inspection","4722|25933"
"emerson_deltav","4770|16294"
"safety_plc","4776|25880"
"honeywell_profit_controller","4783|16336"
"analytical_instruments","4787|16320"
"control_valves","4788|25891"
"safety_instrumented_systems_sis","4790|23493"
"iec_61511","4791|16303"
"sil_verification","4792|12101"
"opc_ua","4809|17134"
"iec_62443","4813|16796"
"electronic_batch_records","4831|27707"
"wireless_sensor_networks","4832|29510"
"mesh_networks","4833|29511"
"edge_computing","4834|16425"
"condition_monitoring","4835|17129"
"virtual_commissioning","4839|16984"
"direct_air_capture","4845|9825"
"water_based_muds","4863|25371"
"oil_based_muds","4864|25370"
"bio_based_materials","4869|34145"
"uncertainty_analysis","4874|25395"
"eclipse_reservoir_simulator","4875|25398"
"multi_stage_builds","4998|1265"
"pod_management","5024|33623"
"zero_trust_networking","5048|5181"
"data_source_integration","5055|17078"
"security_monitoring","5059|9304"
"custom_metrics","5079|33303"
"disaster_recovery","5117|24587"
"process_automation","5126|16288"
"integration_hub","5139|28648"
"network_segmentation","5156|9303"
"cdn_configuration","5159|23918"
"health_checks","5174|33815"
"secrets_management","5188|33635"
"event_driven_architecture","5196|33458"
"azure_functions","5199|33612"
"cloud_run","5205|33618"
"deployment_automation","5215|1308"
"global_distribution","5220|30809"
"python_scripting","5249|23673"
"automation_scripts","5250|25864"
"bash_shell_scripting","5252|18333"
"version_control_systems","5268|24617"
"policy_enforcement","5278|7135"
"resource_optimization","5286|29401"
"anomaly_detection","5293|1433"
"cost_reduction","5311|25921"
"cold_calling","5361|31981"
"executive_summaries","5373|34224"
"technical_writing","5379|32599"
"product_descriptions","5391|32597"
"social_media_copy","5392|24254"
"workshop_facilitation","5401|18730"
"keynote_design","5405|28714"
"investor_pitches","5415|18647"
"empathetic_listening","5422|7043"
"reflective_listening","5423|7223"
"bias_detection","5429|1353"
"evidence_evaluation","5431|27979"
"character_development","5443|10761"
"origin_stories","5456|28720"
"cultural_intelligence","5465|7185"
"cultural_sensitivity","5469|28793"
"technical_translation","5472|7072"
"conflict_mediation","5484|35166"
"de_escalation_techniques","5487|7122"
"receiving_feedback","5494|28796"
"difficult_conversations","5499|18552"
"performance_issues","5500|18554"
"termination_discussions","5501|7129"
"screen_sharing","5511|24407"
"version_control","5524|17106"
"stakeholder_mapping","5527|12226"
"status_updates","5536|35239"
"culture_building","5543|32166"
"sla_management","5545|29206"
"issue_resolution","5547|29411"
"performance_reviews","5548|18689"
"contract_negotiation","5568|18549"
"objection_handling","5573|31967"
"building_information_modeling_bim","5582|23657"
"5d_cost_estimation","5586|29292"
"revit_mep","5590|23306"
"family_creation","5592|29289"
"cpm_scheduling","5593|29389"
"look_ahead_planning","5594|23411"
"progress_monitoring","5595|29628"
"autocad_mep","5607|23301"
"3d_modeling","5609|21951"
"final_inspection","5614|10326"
"primavera_p6","5625|23355"
"risk_analysis","5627|26122"
"financial_risk","5632|18487"
"lean_construction","5636|23379"
"last_planner_system","5637|23380"
"takt_planning","5638|23381"
"digital_twins","5640|26905"
"energy_modeling","5643|29432"
"greywater_systems","5681|23317"
"vacuum_systems","5701|25889"
"grounding_and_earthing_systems","5748|23219"
"lightning_protection","5752|23194"
"vfd_programming","5769|16309"
"rooftop_solar","5774|9166"
"off_grid_systems","5776|23419"
"outdoor_lighting","5780|23217"
"emergency_lighting","5781|21728"
"automatic_transfer_switches","5797|12278"
"lighting_control","5799|29169"
"circuit_breaker_testing","5804|9559"
"power_transformers","5819|9518"
"split_systems","5898|21782"
"vrf_systems","5900|23289"
"air_cooled_chillers","5921|23330"
"fire_tube_boilers","5926|23761"
"heat_pump_vrf","5936|23344"
"heat_recovery_vrf","5937|23343"
"plate_heat_exchangers","5957|23738"
"clean_room_hvac","5960|23292"
"closed_loop_systems","5966|23445"
"open_loop_systems","5967|23446"
"horizontal_loops","5968|30974"
"hearing_protection","5992|12014"
"wilderness_first_aid","6005|12248"
"construction_safety_management","6018|29416"
"safety_culture","6022|30005"
"environmental_compliance","6025|9754"
"arc_flash_boundary_calculation","6036|12660"
"overhead_crane","6053|12664"
"snow_removal","6068|29192"
"conceptual_estimating","6121|29396"
"bim_takeoff","6129|23402"
"earned_value_management","6150|29393"
"change_order_management","6152|29390"
"hazardous_waste_management","6181|33998"
"bim_360","6186|16977"
"data_extraction","6196|31705"
"point_cloud_processing","6198|1129"
"4d_simulation","6206|29293"
"occupancy_sensors","6217|29217"
"environmental_monitoring","6218|27888"
"autonomous_vehicles","6224|26749"
"safety_training","6237|26346"
"mep_coordination","6244|23307"
"leed_ap","6251|23435"
"leed_green_associate","6252|31369"
"low_voc_materials","6255|29451"
"wind_turbines","6266|29459"
"geothermal_systems","6267|29460"
"living_building_challenge","6272|34166"
"rainwater_harvesting","6279|23316"
"low_flow_fixtures","6280|29462"
"passive_house_certification","6283|34131"
"phpp_modeling","6284|34132"
"carbon_offset_strategies","6291|34527"
"ventilation_strategies","6299|29454"
"air_quality_monitoring","6300|29224"
"brownfield_redevelopment","6306|12383"
"well_ap","6308|23436"
"circular_economy_in_construction","6318|29477"
"material_recovery","6319|27139"
"landing_page_copy","6323|32594"
"re_engagement_emails","6339|22633"
"error_messages","6362|28311"
"manufacturing_sops","6405|31561"
"financial_regulations","6440|26094"
"community_building","6488|30089"
"wiki_creation","6496|18725"
"knowledge_base","6497|32602"
"readability_optimization","6533|28536"
"seasonal_planning","6554|10537"
"deadline_management","6556|28979"
"apa_style","6560|34918"
"remote_team_management","6573|18619"
"cross_functional_leadership","6576|35163"
"review_processes","6604|28461"
"distribution_automation","6605|23457"
"breaking_news","6618|23948"
"video_journalism","6632|24229"
"expert_interviews","6645|24270"
"bias_awareness","6677|27978"
"true_crime","6722|24236"
"image_optimization","6810|33622"
"content_differentiation","6822|34572"
"landing_page_optimization","6825|28724"
"value_proposition","6828|32321"
"short_films","6832|24219"
"film_storyboards","6893|24243"
"animation_boards","6894|24244"
"commercial_boards","6895|24245"
"quantitative_research","6902|18831"
"qualitative_research","6903|18832"
"narrative_reviews","6916|31376"
"nsf_proposals","6925|31383"
"foundation_grants","6926|26183"
"corporate_grants","6927|26185"
"scientific_writing","6928|31527"
"content_briefs","6975|32909"
"social_media_templates","6988|33259"
"email_templates","6990|28987"
"stable_diffusion","7018|1441"
"concierge_services","7069|12881"
"service_recovery","7099|13067"
"crisis_recovery","7100|22505"
"journey_mapping","7107|8851"
"b2b_journey_mapping","7108|22579"
"contract_disputes","7133|18940"
"brand_standards","7141|12930"
"continuous_improvement","7146|11928"
"social_listening","7161|13207"
"team_collaboration","7191|8447"
"loyalty_program_management","7199|13072"
"referral_programs","7204|22660"
"zero_trust_architecture","7326|9306"
"api_gateway","7355|33646"
"peer_review","7359|18688"
"azure_ad","7402|33615"
"zero_trust_access","7516|16819"
"threat_hunting","7604|17763"
"certificate_management","7656|16837"
"digital_rights_management","7703|24380"
"malware_analysis","7713|17775"
"cyber_threat_intelligence","7743|12483"
"campaign_analysis","7750|32707"
"data_privacy","7782|30258"
"hipaa_security_rule","7790|25030"
"hipaa_privacy_rule","7791|25031"
"risk_register","7795|23358"
"third_party_risk_management","7801|12542"
"security_policy_development","7811|12541"
"privacy_impact_assessment","7824|17467"
"training_programs","7829|29675"
"perimeter_security","7867|29659"
"incident_investigation","7905|25971"
"correlation_analysis","7912|26519"
"supervised_learning","7925|904"
"linear_regression","7926|905"
"logistic_regression","7927|906"
"unsupervised_learning","7931|909"
"ensemble_methods","7935|908"
"feature_engineering","7941|918"
"gpu_acceleration","7946|998"
"ordered_boosting","7949|932"
"gpu_training","7950|933"
"feature_importance","7951|922"
"deep_q_networks","7964|1134"
"multi_agent_rl","7966|17110"
"model_based_rl","7967|1161"
"time_series_analysis","7968|944"
"support_vector_machines","7980|907"
"decision_trees","7986|28399"
"hyperparameter_optimization","7979|953"
"image_classification","7998|1095"
"object_detection","7999|1081"
"semantic_segmentation","8000|1100"
"transfer_learning","8001|1113"
"positional_encoding","8011|1078"
"tensorflow_lite","8015|1405"
"distributed_training","8017|968"
"pytorch_lightning","8019|967"
"model_subclassing","8022|978"
"feature_extraction","8028|1114"
"domain_adaptation","8029|1115"
"code_generation","8064|16966"
"model_hub","8066|1023"
"prompt_engineering","8068|1179"
"prompt_templates","8070|1183"
"sentiment_analysis","8077|1037"
"aspect_based_sentiment","8078|1038"
"fine_grained_sentiment","8079|1039"
"emotion_detection","8080|33243"
"text_classification","8082|1045"
"zero_shot_classification","8085|1047"
"machine_translation","8087|1049"
"question_answering","8091|1054"
"extractive_qa","8092|1055"
"generative_qa","8093|1056"
"open_domain_qa","8094|1057"
"pos_tagging","8099|1030"
"dense_retrieval","8107|1196"
"data_connectors","8119|1193"
"query_engines","8121|1192"
"openai_api","8123|1204"
"diffusion_models","8128|1446"
"latent_diffusion","8129|1449"
"text_to_image_generation","8136|1469"
"neural_tts","8157|1068"
"model_evaluation","8166|958"
"faster_r_cnn","8176|1092"
"image_segmentation","8179|1103"
"panoptic_segmentation","8181|1094"
"feature_detection","8185|1083"
"emotion_recognition","8192|1040"
"handwriting_recognition","8197|1131"
"real_time_tracking","8208|563"
"3d_reconstruction","8217|24738"
"depth_estimation","8218|1128"
"3d_object_detection","8220|1127"
"video_analysis","8221|1121"
"action_recognition","8222|1122"
"temporal_segmentation","8224|1124"
"video_captioning","8225|1123"
"edge_ai","8226|17052"
"model_quantization","8227|1230"
"knowledge_distillation","8228|1397"
"apache_spark","8236|1389"
"spark_sql","8237|1390"
"kafka_streams","8241|17063"
"kafka_connect","8242|16510"
"data_modeling","8261|29616"
"stream_processing","8278|17053"
"apache_flink","8279|17062"
"data_versioning","8285|1294"
"data_validation","8287|26134"
"triton_inference_server","8299|1288"
"model_monitoring","8300|1280"
"feature_monitoring","8303|1300"
"ci_cd_for_ml","8307|1305"
"feature_store","8311|1276"
"multi_armed_bandits","8327|1310"
"data_cleaning","8338|27585"
"power_pivot","8373|27119"
"embedded_analytics","8383|17093"
"hypothesis_testing","8388|27981"
"bayesian_statistics","8395|31447"
"test_design","8401|27995"
"causal_inference","8404|28021"
"competing_risks","8412|31480"
"multivariate_statistics","8413|31474"
"factor_analysis","8414|26517"
"factorial_design","8423|31373"
"vector_databases","8431|1226"
"similarity_search","8434|1228"
"azure_machine_learning","8451|1281"
"google_vertex_ai","8455|1277"
"gpu_programming","8459|1358"
"kernel_development","8460|1364"
"signal_processing","8465|31470"
"online_course_design","8469|35064"
"adaptive_learning_design","8472|34548"
"backward_design","8475|34542"
"competency_based_education","8476|34583"
"addie_model","8478|34563"
"adaptive_testing","8486|34693"
"performance_based_assessment","8487|34671"
"universal_design_for_learning_udl","8506|34575"
"microlearning_design","8510|34547"
"drip_campaigns","8512|17839"
"mobile_first_design","8514|17451"
"learning_needs_analysis","8520|18702"
"learning_communities","8530|18737"
"social_media_integration","8532|17812"
"google_classroom","8548|34773"
"microsoft_teams_for_education","8552|34777"
"learning_analytics","8561|34696"
"social_learning","8586|18777"
"mobile_learning","8609|12630"
"accessible_design","8610|29571"
"interactive_videos","8615|35097"
"advanced_interactions","8634|28395"
"zoom_for_education","8669|34781"
"town_halls","8675|18584"
"live_quizzes","8679|35098"
"formative_assessment","8694|34660"
"family_engagement","8701|30074"
"retention_analytics","8738|33026"
"remote_onboarding","8740|18621"
"consultative_selling","8749|31958"
"technical_skills_training","8755|26054"
"presentation_skills","8761|18581"
"time_management","8763|28975"
"critical_thinking","8764|27977"
"process_improvement","8772|9961"
"sales_enablement","8781|32451"
"reverse_mentoring","8789|18723"
"experiential_learning","8792|18853"
"financial_reporting","8809|17430"
"operational_metrics","8810|9790"
"exit_tickets","8820|34707"
"portfolio_assessment","8828|34665"
"skills_assessment","8833|30013"
"retention_modeling","8853|32223"
"webinar_hosting","8866|35179"
"product_training","8887|31951"
"self_directed_learning","8897|18672"
"youtube_live","8923|23888"
"facebook_live","8925|23887"
"linkedin_live","8926|32980"
"live_captioning","8929|24414"
"alternative_formats","8932|28552"
"gamification_design","8933|28798"
"simulation_games","8939|12673"
"virtual_field_trips","8957|34806"
"medical_simulations","8975|35115"
"psychological_safety","9029|18505"
"communities_of_practice","9031|813"
"knowledge_sharing","9032|18888"
"talent_pools","9037|18633"
"peer_coaching","9045|18755"
"business_acumen","9064|18439"
"wcag_compliance","9075|28489"
"accessible_media","9082|28541"
"voice_control","9089|28535"
"autism_spectrum","9108|29837"
"mobile_apps","9120|24387"
"health_literacy","9136|30491"
"vibration_monitoring","9262|19962"
"two_way_communication","9272|20366"
"pattern_recognition","9300|1971"
"optimization_algorithms","9301|20052"
"modbus_rtu","9358|14679"
"opc_ua_server","9363|14890"
"opc_ua_client","9364|14891"
"arc_flash_labeling","9484|20307"
"thermal_imaging","9546|19941"
"temperature_sensors","9579|14653"
"environmental_sensors","9582|14657"
"predictive_maintenance_analytics","9622|19465"
"criticality_analysis","9649|21129"
"values_integration","9918|19160"
"aputure_led","11021|24166"
"attorney_client_privilege","9928|19353"
"failure_analysis","9962|21305"
"board_reporting","9965|11765"
"red_flag_identification","10017|19275"
"financial_conflicts","10019|19175"
"industry_standards","10078|22791"
"fashion_design","10149|13419"
"carbon_accounting","10462|11542"
"brand_strategy","10534|13894"
"inventory_optimization","10561|21221"
"iso_45001","10569|18987"
"time_and_motion_study","10570|20928"
"logo_design","10646|13745"
"color_correction","10650|10938"
"digital_illustration","10652|13758"
"digital_prototyping","10657|13264"
"marketing_materials","10688|13781"
"influencer_marketing","10690|13189"
"campaign_management","10692|20777"
"instagram_marketing","10705|13200"
"fashion_photography","10708|11008"
"pop_up_events","10722|23038"
"trade_shows","10724|13041"
"customer_analytics","10730|11810"
"brand_ambassadors","10735|22803"
"consumer_trends","10745|22583"
"creativity_and_innovation","10791|28008"
"camera_operation","10799|23821"
"blackmagic_cinema_cameras","10804|23841"
"sports_broadcasting","10827|23939"
"time_lapse_photography","10828|24203"
"documentary_style","10852|24147"
"documentary_storytelling","10883|24247"
"minimalist_design","10900|34042"
"adobe_premiere_pro","10901|23803"
"final_cut_pro","10910|23807"
"avid_media_composer","10912|23817"
"product_photography","10962|28693"
"raw_processing","10992|23857"
"commercial_property","11006|17152"
"led_lighting_systems","11020|24164"
"lighting_design","11029|23216"
"dramatic_lighting","11031|24153"
"commercial_lighting","11032|31171"
"field_recording","11036|24010"
"sound_design","11049|23962"
"film_sound_design","11050|23975"
"game_audio","11051|23974"
"hdr_color_grading","11075|23813"
"film_emulation","11076|24034"
"look_development","11077|24035"
"motion_design","11091|28293"
"green_screen_keying","11093|24026"
"documentary_filmmaking","11131|23866"
"interview_techniques","11137|24267"
"celebrity_interviews","11140|24269"
"investigative_research","11141|24273"
"historical_research","11142|24274"
"360_video_production","11182|24436"
"vr_gaming","11193|24427"
"vr_training","11194|24429"
"vr_audio","11204|24016"
"grip_equipment","11228|24159"
"digital_asset_management","11232|29287"
"cloud_workflows","11239|24601"
"ursa_mini_pro","11245|23843"
"hdr_monitoring","11252|23858"
"film_production_management","11255|23846"
"commercial_production","11256|32737"
"2d_animation","11331|24133"
"data_visualization_and_reporting","11361|22570"
"interactive_dashboards","11363|26168"
"custom_visuals","11365|17092"
"data_tables","11369|28551"
"time_series_forecasting","11376|16896"
"multi_year_planning","11380|18437"
"capital_allocation","11382|17353"
"cash_reconciliation","11419|31781"
"disclosure_requirements","11461|17499"
"internal_auditing","11484|25927"
"fraud_prevention","11501|26644"
"operational_risk","11502|18488"
"strategic_risk","11503|28028"
"regulatory_compliance","11528|17727"
"voice_prototyping","28215|13923"
"gri_standards","11543|26361"
"tcfd_reporting","11545|26363"
"tax_credits","11548|34515"
"repeat_grid","28216|13926"
"portfolio_analytics","11642|29586"
"portfolio_reporting","11648|29613"
"scenario_analysis","11660|28017"
"esg_integration","11669|29476"
"climate_risk","11671|33924"
"credit_scoring","11680|17329"
"investment_management","11690|29261"
"customer_relationship_management","11729|31903"
"risk_reporting","11741|17863"
"business_impact_analysis","11761|29686"
"corporate_governance","11764|18494"
"cybersecurity_risk","11771|26893"
"climate_stress_testing","11776|33947"
"model_validation","11779|1307"
"smart_contracts","11790|29249"
"restful_apis","11800|33476"
"data_aggregation","11802|29512"
"data_mining","11809|31485"
"aging_reports","11849|32133"
"recurring_billing","11855|32368"
"waste_elimination","11929|27002"
"addressable_fire_alarm_systems","11931|20386"
"pre_action_systems","11937|20389"
"atrium_smoke_control","11953|20420"
"led_emergency_lights","11989|20405"
"osha_1926_construction","12008|20666"
"personal_protective_equipment_ppe_management","12011|20669"
"hearing_conservation_programs","12023|20705"
"component_states","28217|13925"
"defensive_driving","12069|20105"
"inspection_planning","12141|20895"
"maintenance_strategy_development","12192|20195"
"emergency_response_planning","12212|20138"
"early_warning_systems","12344|22713"
"universal_waste","12366|20510"
"compliance_audits","12415|19233"
"security_risk_assessment","12478|20362"
"theft_investigation","12512|20352"
"driver_vetting","12530|20131"
"compliance_auditing","12540|18431"
"color_theory","28226|13877"
"microlearning_modules","12631|16054"
"adaptive_learning","12633|16056"
"reach_truck","12651|19516"
"pallet_jack","12653|20695"
"industrial_safety","12760|14931"
"emergency_communication_systems","12770|20365"
"stock_rotation","12788|32087"
"toast_pos","12852|31857"
"escalation_handling","12869|33051"
"channel_management","12893|21960"
"social_media_marketing","12923|29132"
"just_in_time_inventory","12955|32124"
"energy_management","12966|141"
"building_automation_systems","12967|29167"
"rfid_tracking","12972|34382"
"international_travel","13006|24538"
"luxury_service","13065|31911"
"nps_programs","13083|32247"
"payment_gateway_integration","13138|31870"
"certification_audits","13149|26944"
"fire_safety","13151|21825"
"chemical_safety","13152|30689"
"influencer_partnerships","13198|32560"
"online_reputation_management","13204|33188"
"user_generated_content","13211|22951"
"natural_disasters","13228|25107"
"niagara_vfx","13244|33716"
"cross_platform_development","13266|33727"
"mobile_optimization","13269|24423"
"resource_allocation","13272|35176"
"c_plus_plus_programming","13280|33714"
"grease_pencil","13346|24087"
"autodesk_maya","13348|24088"
"character_rigging","13352|24104"
"substance_painter","13365|24116"
"voice_commands","13469|28343"
"spatial_audio","13476|24015"
"hand_tracking","13481|24450"
"fire_and_smoke","13491|13861"
"cloud_rendering","13522|24624"
"collision_avoidance","13598|23569"
"automated_testing","13667|1306"
"retention_metrics","13704|28083"
"conversion_funnels","13705|28673"
"cohort_analysis","13706|28082"
"re_engagement_campaigns","13714|22866|32783"
"cross_promotion","13728|22826"
"infographic_design","13740|28599"
"symbol_libraries","13756|28211"
"brochure_design","13770|28603"
"magazine_layout","13773|28697"
"character_design","13793|28568"
"product_demos","13800|32013"
"educational_content","13801|24279"
"timeline_animation","13819|28302"
"arnold_rendering","13827|24091"
"design_tokens","28265|13951"
"3d_rendering","13848|29306"
"octane_render","13850|24093"
"game_asset_texturing","13852|24117"
"real_time_animation","13856|23898"
"virtual_sets","13857|23874"
"abstract_marks","13866|28588"
"brand_identity_design","13868|28583"
"brand_guidelines","13869|28585"
"visual_systems","13870|32717"
"variable_fonts","13883|28223"
"box_design","13887|28691"
"sustainable_packaging","13889|27147"
"line_icons","13907|28241"
"loading_states","13934|28309"
"atomic_design","13948|28433"
"proxy_workflows","13952|23805"
"davinci_resolve","13955|23812"
"hdr_grading","13958|23811"
"magnetic_timeline","13959|23808"
"wire_removal","13966|24063"
"matte_painting","13988|24044"
"set_extensions","13999|24045"
"environment_scanning","14023|24478"
"book_design","14026|28698"
"editorial_design","14029|28696"
"web_typography","14040|28222"
"grid_systems","14042|28234"
"column_design","14053|23265"
"font_pairing","14067|28225"
"social_vr","14145|24430"
"product_twins","14147|16929"
"social_media_graphics","14150|32753"
"linkedin_graphics","14152|28709"
"statistical_infographics","14155|28600"
"process_infographics","14157|28601"
"rich_media_ads","14163|32565"
"promotional_emails","14165|32614"
"microcontroller_programming","14192|33744"
"bare_metal_programming","14208|33745"
"firmware_development","14303|33746"
"mixed_signal_design","14402|23176"
"high_speed_pcb","14406|23177"
"eagle_pcb","14417|32408"
"nvidia_jetson","14532|1419"
"iot_analytics","14586|16454"
"jetson_nano","14602|1420"
"jetson_xavier","14603|1421"
"fleet_management","14635|16456"
"ble_mesh","14689|16473"
"coap_observe","14727|16480"
"stepper_motors","14734|16308"
"pneumatic_actuators","14737|16636"
"profinet_irt","14883|16660"
"profinet_rt","14884|16659"
"profinet_cba","14885|16661"
"bacnet_protocol","14893|23347"
"bacnet_ms_tp","14895|16674"
"motor_control","14990|23174"
"factory_automation","14999|16519"
"livestock_monitoring","15007|898"
"vital_signs_monitoring","15026|24715"
"smart_meters","15031|23456"
"air_quality","15036|29433"
"water_quality","15037|29434"
"digital_signage","15042|31807"
"leak_detection","15067|16912"
"google_assistant","15073|28342"
"emergency_nursing","15078|24851"
"oncology_nursing","15079|24845"
"patient_assessment","15081|24672"
"infection_control","15086|29189"
"surgical_asepsis","15087|24692"
"pediatric_dosing","15098|24688"
"iv_therapy","15100|24690"
"hand_surgery","15180|24815"
"trauma_orthopedics","15182|24811"
"interventional_radiology","15189|24768"
"sleep_disorders","15215|24880"
"controlled_release","15238|855"
"post_market_surveillance","15242|30634"
"risk_evaluation","15243|30151"
"prodrug_design","15248|27206"
"aseptic_processing","15261|448"
"biologics_manufacturing","15263|30665"
"phenotypic_screening","15265|27280"
"structure_based_drug_design","15266|27497"
"dissolution_testing","15272|27889"
"environmental_toxicology","15278|30691"
"pharmaceutical_packaging","15284|27230"
"comparative_effectiveness","15295|27631"
"monoclonal_antibodies","15304|27523"
"crispr_gene_editing","15313|487"
"base_editing","15314|488"
"prime_editing","15315|489"
"crispr_screening","15316|27469"
"recombinant_dna_technology","15322|27334"
"viral_vectors","15323|27336"
"synthetic_biology","15324|27344"
"primary_cell_culture","15331|27425"
"antibody_drug_conjugates","15333|27517"
"protein_therapeutics","15336|27352"
"exome_sequencing","15342|27409"
"pcr_and_qpcr","15344|27402"
"digital_pcr","15345|31493"
"biosynthetic_pathways","15351|27345"
"rna_therapeutics","15364|27550"
"mammalian_cell_culture","15370|27803"
"microbial_fermentation","15371|27820"
"continuous_bioprocessing","15372|27848"
"metabolic_engineering","15374|27385"
"biofuel_production","15375|27386"
"clinical_chemistry","15389|24747"
"immunoassay_techniques","15404|27943"
"molecular_diagnostics","15409|24748"
"infectious_disease_testing","15410|24767"
"cell_cycle_analysis","15421|27431"
"mass_spectrometry","15424|27873"
"cardiac_markers","15428|24764"
"hla_typing","15434|27329"
"epic_ambulatory","15461|24998"
"epic_inpatient","15462|24999"
"meditech_expanse","15471|25009"
"meditech_6_x","15472|25010"
"healthcare_data_analytics","15480|25033"
"clinical_decision_support_systems","15485|25013"
"drug_drug_interaction_alerts","15486|25014"
"regional_hie","15491|25019"
"synchronous_telehealth","15510|24902"
"asynchronous_telehealth","15511|24903"
"remote_patient_monitoring","15512|24905"
"clinical_note_analysis","15515|30600"
"real_time_analytics","15527|17655"
"chronic_disease_epidemiology","15540|25112"
"disease_surveillance","15547|30359"
"syndromic_surveillance","15548|30363"
"sentinel_surveillance","15550|30571"
"chronic_disease_prevention","15554|25120"
"injury_prevention","15555|30004"
"tuberculosis_control","15561|25152"
"environmental_health","15572|25113"
"childhood_immunization","15576|30725"
"adult_vaccination","15577|25116"
"tobacco_control","15580|25149"
"adolescent_health","15586|26436"
"natural_disaster_response","15589|30524"
"outbreak_investigation","15596|30384"
"safety_pharmacology","15617|27300"
"good_manufacturing_practice_gmp","15620|30664"
"clinical_trial_management","15623|27612"
"clinical_data_management","15632|27582"
"fda_inspections","15654|27690"
"ema_inspections","15655|27691"
"pediatric_ethics","15659|30677"
"international_research_ethics","15661|30652"
"dispute_resolution","15672|23392"
"clinical_trial_design","15673|27564"
"basket_trials","15674|30420"
"oncology_trials","15679|30435"
"pediatric_trials","15680|30439"
"risk_based_monitoring","15684|27588"
"centralized_monitoring","15685|30427"
"medical_writing","15687|27595"
"scientific_publications","15689|27598"
"adaptive_designs","15692|27568"
"patient_recruitment_and_retention","15698|27622"
"pragmatic_trials","15705|27638"
"companion_diagnostics","15710|27546"
"pilot_studies","15716|31751"
"electronic_pro","15719|30813"
"clinical_quality_assurance","15732|30806"
"sponsor_audits","15733|30667"
"vendor_audits","15734|27692"
"investigational_product_management","15737|30448"
"cold_chain_management","15741|440"
"cardiac_monitoring","15746|24716"
"wearable_health_technology","15753|24936"
"glucose_monitoring","15755|24906"
"activity_tracking","15756|32005"
"ai_powered_diagnostics","15758|24912"
"pathology_ai","15760|24780"
"anxiety_treatment","15765|29743"
"digital_therapeutics","15766|24926"
"mental_health_apps","15767|24919"
"appointment_scheduling","15774|26815"
"mental_health_support","15790|30549"
"diversity_hiring","15823|29970"
"competitive_intelligence","15832|18442"
"employee_engagement_programs","15876|26203"
"disciplinary_actions","15896|17521"
"data_migration","15975|32237"
"union_payroll","16003|24542"
"overtime_management","16006|32170"
"multi_channel_support","16016|33052"
"workforce_scheduling","16026|27168"
"leadership_development","16031|29966"
"technical_training","16032|25980"
"peer_mentoring","16038|18472"
"succession_planning","16046|758"
"team_okrs","16070|28111"
"360_degree_reviews","16073|18533"
"continuous_feedback","16077|18532"
"360_degree_feedback","16081|18475"
"performance_improvement_plans","16089|18534"
"people_analytics","16153|18666"
"engagement_analytics","16155|34792"
"workers_compensation","16227|17156"
"modbus_tcp","16327|21076"
"ignition_scada","16371|21050"
"data_processing","16397|20054"
"production_scheduling","16520|20041"
"universal_robots","16532|21063"
"abb_yumi","16533|21094"
"fanuc_crx","16534|21093"
"kuka_lbr_iiwa","16535|21095"
"cognex_vision_systems","16546|21070"
"keyence_vision","16547|21071"
"andon_systems","16554|21043"
"arena_simulation","16572|20064"
"plant_simulation","16574|20065"
"kuka_krl","16586|21067"
"yaskawa_motoman","16587|21062"
"3d_vision_systems","16617|19933"
"offline_programming","16626|21069"
"tig_welding","16641|20796"
"network_topology","16689|18164"
"siemens_opcenter","16729|20740"
"finite_capacity_scheduling","16747|20729"
"recall_management","16758|19536"
"demand_planning","16779|21245"
"mrp_ii","16792|20736"
"configuration_management","16851|2767"
"iot_integration","16936|19494"
"heat_treatment","17010|20829"
"automated_material_handling","17023|20963"
"data_lineage","17086|19008"
"mobile_reports","17094|22694"
"lod_expressions","17097|8351"
"lead_management","17414|22875"
"pep_screening","17474|19255"
"carbon_footprint_reporting","17515|20121"
"energy_efficiency","18260|620"
"report_generation","17626|19923"
"churn_prediction","17663|22557"
"breach_investigation","17774|19037"
"timeline_reconstruction","17777|20110"
"policy_management","17803|18194"
"load_balancing","18084|33781"
"service_discovery","18170|33667"
"lifecycle_management","18238|27714"
"quota_management","18248|32422"
"device_configuration","18313|23521"
"custom_api_development","18325|32503"
"infrastructure_as_code","18328|33856"
"network_simulation","18344|26908"
"cross_functional_teams","18448|20887"
"quarterly_planning","18529|22328"
"stakeholder_communication","18577|18984"
"strategic_partnerships","18599|19695"
"joint_ventures","18906|31602"
"executive_reporting","18993|28099"
"pre_market_approval","19056|31741"
"free_trade_agreements","19067|26751"
"21_cfr_part_11","19085|30653"
"regulatory_advocacy","19089|34287"
"utility_patents","19098|31565"
"design_patents","19099|31566"
"clearance_search","19135|31594"
"social_impact","19168|23723"
"customer_onboarding","19254|31949"
"compliance_monitoring","19332|26645"
"portfolio_analysis","19342|31346"
"carrier_management","19427|26736"
"load_planning_and_optimization","19431|26768"
"white_glove_service","19451|31912"
"reverse_logistics","19453|26753"
"sap_ewm","19478|26778"
"passive_rfid","19491|26811"
"active_rfid","19492|26810"
"zone_picking","19497|26794"
"wave_picking","19498|26795"
"dynamic_slotting","19510|26790"
"cross_docking_operations","19520|26742"
"opportunistic_cross_docking","19521|26745"
"collaborative_planning","19532|26720"
"e_commerce_returns","19534|26754"
"warranty_returns","19535|34044"
"battery_management","19545|21743"
"ocean_freight","19574|26735"
"ai_driven_forecasting","19676|32421"
"new_product_forecasting","19678|27090"
"multi_channel_distribution","19697|32636"
"form_postponement","19726|26930"
"natural_disaster_planning","19732|26892"
"kanban_systems","19740|26850"
"carbon_neutral_shipping","19745|27145"
"gift_wrapping","19759|32358"
"hazard_communication","19792|29671"
"visual_inspection","19797|26958"
"pneumatic_conveying","19816|21605"
"automated_alerts","19829|33322"
"blast_freezing","19836|441"
"stability_studies","19852|27964"
"allergen_management","19885|685"
"vision_guided_agv","19909|21091"
"labor_management","19919|27042"
"collaborative_robots_cobots","19927|32395"
"mobile_scanning_apps","19972|31886"
"carrier_integration","19986|32264"
"heat_mapping","19997|29590"
"demographic_analysis","19998|29604"
"supply_chain_analytics","20018|27102"
"multi_echelon_inventory_optimization","20032|26897"
"safety_stock_calculation","20033|32116"
"forecasting_models","20046|27115"
"sap_tm","20056|26725"
"iso_90012015","20097|20862|26942"
"random_testing","20151|21886"
"preventive_maintenance","20157|327"
"total_cost_of_ownership_analysis","20177|26682"
"work_order_management","20183|26859"
"oil_analysis","20190|23509"
"ultrasonic_testing","20191|21771"
"critical_equipment_analysis","20194|25912"
"turf_management","20201|29191"
"space_utilization_analytics","20206|29720"
"dashboard_development","20209|25854"
"leed_commissioning","20213|34154"
"aluminum_welding","20224|21754"
"daylight_harvesting","20285|29520"
"arc_flash_studies","20300|23166"
"pump_control","20304|21736"
"uninterruptible_power_supply_ups_systems","20309|21739"
"online_ups","20310|21740"
"demand_controlled_ventilation","20321|34136"
"mobile_credentials","20334|29229"
"visitor_management","20335|29230"
"electrostatic_spraying","20447|299"
"third_party_auditing","20500|33877"
"single_stream_recycling","20506|34001"
"chemical_waste","20512|30719"
"sustainability_reporting","20529|25800"
"rodent_control","20543|30711"
"vendor_managed_inventory","20571|26783"
"personalized_service","20584|31905"
"certification_programs","20605|34279"
"iot_sensor_integration","20612|29726"
"circadian_lighting","20643|29523"
"water_quality_monitoring","20647|25631"
"energy_benchmarking","20659|33931"
"tank_entry","20683|25957"
"finite_capacity_planning","20732|26841"
"rough_cut_capacity_planning","20733|26840"
"long_term_capacity_planning","20734|26842"
"advanced_planning_systems","20737|26836"
"demand_driven_mrp","20738|26839"
"epicor_erp","20748|27077"
"real_time_oee_monitoring","20752|26881"
"production_line_balancing","20760|26855"
"u_shaped_cell_design","20762|26857"
"batch_production_management","20775|26867"
"sand_casting","20804|25548"
"die_casting","20806|25550"
"continuous_casting","20807|25551"
"process_capability_analysis","20859|26977"
"cusum_charts","20860|26947"
"autocad_electrical","20855|23168"
"kepner_tregoe","20867|26951"
"quality_auditing","20868|26969"
"aiag_vda_fmea","20876|26964"
"attribute_msa","20894|26975"
"supplier_scorecards","20920|26961"
"short_term_capability","20923|26978"
"discrete_event_simulation","20944|31652"
"make_vs_buy_analysis","20957|26914"
"bottleneck_analysis","20966|28029"
"conveyor_design","20975|25628"
"gemba_kaizen","20986|26994"
"production_kanban","21002|26853"
"withdrawal_kanban","21003|26854"
"e_kanban","21005|26851"
"dmaic_methodology","21010|27006"
"leader_standard_work","21040|27017"
"heijunka_box","21034|27021"
"andon_boards","21044|27025"
"ge_ifix","21051|25884"
"wonderware_intouch","21057|23497"
"intrusion_detection","21098|29658"
"risk_assessment","21113|1351"
"temperature_calibration","21133|23512"
"pressure_calibration","21134|23511"
"cycle_counting","21219|26785"
"warehouse_management_systems_wms","21227|32122"
"blue_yonder_wms","21230|26780"
"material_handling_equipment","21234|26798"
"conveyor_systems","21236|25906"
"abc_xyz_analysis","21238|26916"
"last_mile_delivery","21244|26260"
"s_and_op_sales_and_operations_planning","21246|26894"
"statistical_modeling","21247|30364"
"abc_cycle_counting","21252|26786"
"kitting_and_assembly","21259|26822"
"function_analysis","21285|23393"
"product_validation","21295|31742"
"cnc_prototyping","21308|31417"
"functional_prototyping","21309|31418"
"brand_refresh","22188|32714"
"premium_positioning","22190|32311"
"category_creation","22192|32815"
"media_planning_and_buying","22259|32724"
"programmatic_buying","22260|32727"
"programmatic_advertising","22265|32566"
"digital_billboards","22278|32729"
"print_advertising","22283|32732"
"podcast_advertising","22290|32741"
"multi_touch_attribution","22295|32699"
"creative_testing","22300|32682"
"audience_testing","22301|33140"
"landing_page_testing","22302|32550"
"native_advertising","22314|32564"
"search_campaigns","22335|32531"
"display_network","22336|32528"
"shopping_ads","22337|32527"
"youtube_ads","22338|32533"
"carousel_ads","22344|32538"
"dynamic_ads","22349|32543"
"spark_ads","22357|33114"
"core_web_vitals","22361|32900"
"schema_markup","22362|32049"
"conversion_rate_optimization","22391|28723"
"checkout_optimization","22394|28725"
"google_analytics","22395|32545"
"e_commerce_tracking","22396|32547"
"custom_event_tracking","22405|32693"
"retargeting_and_remarketing","22413|32554"
"display_advertising","22419|32562"
"video_marketing","22423|32570"
"mobile_marketing","22426|32578"
"walmart_marketplace","22438|32064"
"shopify_markets","22441|32025"
"product_launch_pr","22450|32746"
"virtual_events","22500|34784"
"review_management","22503|31939"
"qualitative_research_methods","22511|30234"
"focus_group_moderation","22512|32852"
"market_segmentation","22526|723"
"demographic_segmentation","22527|32219"
"pricing_analysis","22531|32862"
"concept_testing","22534|28202"
"social_listening_and_sentiment_analysis","22553|32874"
"crisis_detection","22556|32674"
"trend_analysis_and_forecasting","22582|32863"
"integrated_campaigns","22588|28706"
"art_direction","22592|28686"
"digital_art_direction","22593|28689"
"case_studies","22605|30235"
"landing_pages","22607|32769"
"brand_kits","22625|32756"
"presentation_design","22645|28711"
"sales_decks","22646|32819"
"pitch_decks","22647|28712"
"keynote_presentations","22648|31553"
"environment_design","22656|28945"
"viral_loops","22661|32829"
"growth_hacking","22686|32575"
"churn_prediction_and_prevention","22712|32254"
"sequential_testing","22723|1312"
"market_expansion","22727|32806"
"product_positioning_and_messaging","22730|32813"
"b2b_positioning","22731|32814"
"feature_comparison","22736|28186"
"product_launch_management","22739|32808"
"product_sheets","22745|32818"
"sales_playbooks","22747|32452"
"customer_marketing","22748|32840"
"pricing_strategy","22752|28127"
"tiered_pricing","22754|28128"
"usage_based_pricing","22755|28129"
"freemium_models","22756|32823"
"in_app_messaging","22760|32800"
"reseller_programs","22787|32456"
"micro_influencer_marketing","22793|32573"
"influencer_campaign_management","22801|33065"
"exclusive_partnerships","22848|33071"
"e_commerce_automation","22868|32767"
"account_based_marketing","22876|33117"
"event_marketing","22877|32747"
"responsive_design","22885|28231"
"abandoned_cart","22894|32226"
"email_a_b_testing","22895|32552"
"transactional_sms","22901|32794"
"two_way_messaging","22903|32796"
"email_accessibility","22910|28744"
"screen_reader_testing","22912|28494"
"keyboard_navigation","22913|28508"
"revenue_analytics","22917|24398"
"paid_social_strategy","22947|32638"
"community_management","22955|32669"
"crisis_response","22957|22"
"brand_advocacy","22959|32671"
"social_media_analytics","22960|32676"
"bulk_scheduling","22965|33142"
"sprout_social_platform_management","22968|33147"
"smart_inbox","22969|33148"
"social_crm","22970|32668"
"instagram_shopping","22973|32078"
"linkedin_marketing","22975|32644"
"twitter_x_marketing","22979|32647"
"twitter_ads","22983|32648"
"facebook_marketing","22985|32639"
"facebook_groups","22987|32640"
"youtube_marketing","22989|32571"
"youtube_seo","22990|32655"
"lead_generation_ads","23001|32536"
"conversion_campaigns","23002|32537"
"brand_awareness","23003|32872"
"social_listening_and_monitoring","23005|32672"
"user_generated_content_management","23014|33027"
"ugc_campaigns","23015|32632"
"social_commerce","23017|32077"
"tiktok_shop","23019|32080"
"pinterest_shopping","23020|32081"
"thought_leadership","23026|32589"
"product_launches","23028|31824"
"lead_qualification","23036|32382"
"brand_activations","23039|32748"
"performance_marketing","23091|32683"
"roas_optimization","23100|32686"
"google_search_console","23103|32898"
"meta_ads_manager","23104|32921"
"google_ads_certification","23105|32922"
"meta_blueprint_certification","23106|33387"
"clash_detection","23245|5620"
"composite_analysis","23249|2822"
"quality_and_safety","23370|29387"
"object_tracking","24038|8186"
"digital_storyboarding","24246|10854"
"extractive_metallurgy","25513|2629"
"non_ferrous_metallurgy","25515|21237|2627"
"physical_metallurgy","25518|2628"
"complex_queries","27129|8332"
"clinical_pharmacology","27305|15251"
"cross_browser_testing","28629|1652"
"4d_scheduling","29291|6192"
"performance_reporting","29610|1727"
"multiphysics_simulation","31654|2253"
"value_based_pricing","32822|15294"
"data_warehousing","33311|8250"
"hyperparameter_tuning","921|7940"
"leaf_wise_growth","926|7945"
"integration_testing","1911|33631"
"ad_copy","5389|32591"
"sequential_api","8020|976"
"image_filtering","8184|1082"
"remote_storage","8458|1296"