canonical_id,merged_id,normalized
74,4117,organizational_change
443,19834,reefer_container_management
11633,557,futures_contracts
4555,719,predictive_modeling
769,8426,split_plot_design
927,7944,histogram_based_learning
8396,942,bayesian_inference
970,8297,tensorflow_serving
8023,979,custom_layers
8298,1002,onnx_runtime
8098,1029,dependency_parsing
1046,8083,multi_label_classification
8090,1053,multilingual_models
8165,1065,speaker_diarization
8183,1091,mask_r_cnn
8230,1102,medical_imaging
7997,1107,convolutional_neural_networks
8194,1130,optical_character_recognition
8290,1258,experiment_tracking
1284,11816,rest_apis
1301,5260,drift_detection
1365,8461,memory_optimization
8238,1391,spark_streaming
6901,1531,research_paper_writing
7087,1597,root_cause_analysis
28163,1601,cognitive_walkthrough
33849,1674,load_testing
1707,10558,performance_monitoring
23228,1757,dynamic_analysis
33634,1789,matrix_builds
28454,1873,visual_testing
29622,1882,image_recognition
33821,1901,unit_testing
10694,2065,brand_identity
2109,21778,fuel_systems
30206,2121,safety_assessment
2151,1434,predictive_maintenance
28578,2183,real_time_rendering
23163,2210,parts_catalogs
2248,10535,product_design
23171,2271,electrical_schematics
23735,2300,heat_transfer
21777,2324,hydraulic_systems
2393,30999,second_life_battery_systems
2394,9452,stationary_storage
2406,17005,part_consolidation
2409,31668,functional_prototypes
2548,25564,phased_array_ut
2552,17016,dimensional_metrology
2576,10466,certification_management
2580,26960,first_article_inspection
2593,25700,creep_testing
25514,2626,ferrous_metallurgy
2676,17007,multi_material_design
2704,23150,quality_inspection
17125,2709,industrial_iot
2732,16642,spot_welding
32623,3256,custom_themes
26728,3418,route_optimization
27169,3488,cost_optimization
31902,3524,google_pay
31413,3719,innovation_management
28046,3761,swot_analysis
28047,3762,tows_matrix
35164,3780,program_management
22757,3790,product_led_growth
3896,32515,custom_workflows
17214,3904,api_integration
23356,3917,resource_management
26989,4008,six_sigma_green_belt
4054,29558,hybrid_work_models
4083,31997,business_case_development
23770,4143,process_integration
4153,25725,membrane_separation
6172,4195,life_cycle_cost_analysis
4265,1165,model_predictive_control
23524,4266,alarm_management
27910,4285,single_crystal_xrd
21755,4321,robotic_welding
4324,23637,structural_ceramics
2424,4337,high_temperature_materials
9809,4396,life_cycle_assessment
4419,25603,emergency_preparedness
25719,4422,process_safety_management
4433,22064,recycling_programs
592,4436,heat_stress_management
17748,4447,business_continuity
4461,34510,co2_utilization
27202,4489,quantum_dots
23538,4517,optical_sensors
23726,4558,statistical_thermodynamics
4572,9202,waste_heat_recovery
4575,34485,hydrogen_storage
23746,4586,combustion_engineering
4771,16295,yokogawa_centum
9280,4810,wireless_networks
4826,12160,common_cause_failures
25833,4871,structural_modeling
32913,4970,pipeline_optimization
17104,4988,pipeline_orchestration
33621,5000,container_networking
5054,26140,dashboard_design
5131,12068,fatigue_management
5195,33854,aws_lambda
28137,5243,continuous_deployment
18726,5381,standard_operating_procedures
5398,18573,public_speaking
28589,5407,data_storytelling
5455,28719,brand_storytelling
28913,5480,asynchronous_communication
35092,5518,breakout_room_management
23250,5606,autocad_civil_3d
1576,1910,white_box_testing
1584,28035,beta_testing
5786,11933,voice_evacuation_systems
29639,5787,smoke_detection
21996,7278,vlan_configuration
5902,23350,refrigeration_systems
23329,5922,water_cooled_chillers
12359,6000,sds_database_management
29665,6028,asbestos_management
28819,6141,abc_analysis
9332,6216,energy_management_systems
23665,6236,coordination_meetings
30239,6242,safety_monitoring
34119,6249,leed_bd_plus_c
34120,6250,leed_o_plus_m
34155,6262,daylighting_design
23182,6263,renewable_energy_systems
6287,29464,carbon_footprint_analysis
6288,29452,embodied_carbon
29465,6289,operational_carbon
24150,6316,natural_light
29479,6320,adaptive_reuse
32612,6473,industry_reports
32642,6517,instagram_stories
6655,10717,press_release_writing
6817,32181,seasonal_updates
24235,6889,narrative_podcasts
6904,26511,mixed_methods
31375,6917,scoping_reviews
31396,6965,multiple_case_studies
1119,7027,style_transfer
7194,13066,complaint_handling
7212,8776,usage_analytics
16838,7294,rogue_ap_detection
16831,7511,password_policies
7599,9305,incident_response
7613,17776,log_analysis
10108,7788,hipaa_compliance
7879,24276,digital_forensics
7903,12513,fraud_investigation
923,7943,early_stopping
7948,931,categorical_feature_handling
7961,955,neural_architecture_search
8010,1077,multi_head_attention
8021,977,functional_api
8030,1048,few_shot_learning
1465,8036,variational_autoencoders
8072,1041,named_entity_recognition
8106,1195,retrieval_augmented_generation
8132,1456,prompt_crafting
1470,8133,style_control
8151,1486,multimodal_ai
8180,1101,instance_segmentation
33832,8251,time_travel
8286,17436,data_quality
1563,8292,model_deployment
22722,8318,a_b_testing
22722,17068,a_b_testing
22722,1309,a_b_testing
8330,1000,model_optimization
8335,27130,stored_procedures
8349,17096,calculated_fields
8374,30367,r_programming
8389,12206,confidence_intervals
790,8405,propensity_score_matching
27600,8408,survival_analysis
31371,8422,experimental_design
1406,8442,model_conversion
35075,8525,flipped_classroom
33417,8539,canvas_api
32154,8569,compliance_training
18463,8767,inclusive_hiring
8384,1497,jupyter_notebooks
16579,8986,remote_assistance
32845,9042,product_tours
9056,34801,ai_powered_learning_tools
9084,34851,assistive_technology_integration
14681,9360,modbus_ascii
2537,9472,real_time_simulation
5805,9500,relay_testing
9592,15022,motor_monitoring
9697,3869,probabilistic_forecasting
19167,9833,climate_disclosure
9900,19127,trade_secret_protection
10500,19691,category_management
10509,11475,inventory_management
4426,10568,iso_14001
10654,13759,editorial_illustration
22189,10695,brand_positioning
24573,10905,proxy_workflow
10937,9615,remote_collaboration
24163,11026,overhead_rigging
23992,11053,foley_artistry
11057,23977,audio_mixing
24025,11097,cg_integration
11112,24049,particle_systems
24578,11127,color_space_management
24172,11157,historical_accuracy
24549,11215,audio_gear
11244,23842,bmpcc_6k
23985,11266,streaming_optimization
24608,11272,2k_dcp
24609,11273,4k_dcp
24610,11274,3d_dcp
24611,11275,atmos_dcp
24259,11281,instagram_reels
24261,11284,linkedin_video
24491,11293,production_budgeting
24505,11297,call_sheet_creation
11309,24108,motion_graphics_design
24111,11310,explainer_videos
23889,11318,sports_graphics
11320,33283,kinetic_typography
11324,24092,cinema_4d
23896,11326,broadcast_graphics
24089,11328,character_animation
28572,11329,product_rendering
11348,19345,budgeting_and_forecasting
18968,11505,fraud_detection_and_prevention
11742,17869,operational_risk_management
11752,17884,liquidity_risk_management
29200,11777,capital_planning
11938,20390,deluge_systems
20407,11990,central_battery_systems
20671,12015,eye_protection
22488,12225,media_training
4432,12311,solid_waste_management
7838,12479,defense_in_depth
7466,12507,multi_factor_authentication
19515,12650,counterbalance_forklift
6044,12666,critical_lift_planning
31783,12859,loss_prevention
23132,2284,generative_design
28419,13263,paper_prototyping
23499,13277,network_architecture
13326,33452,event_handling
13341,1495,code_review
24054,13377,pyro_fx
24448,13503,full_body_capture
24055,13573,fluid_simulation
10201,13743,print_design
24110,13789,title_sequences
24112,13835,character_sculpting
24113,13836,hard_surface_sculpting
13886,28690,label_design
18814,13900,personal_branding
28242,13908,filled_icons
23810,13960,360_video_editing
13967,23816,audio_post_production
24434,14106,location_based_ar
24435,14125,face_filters
24466,14139,browser_vr
2503,25402,thermal_simulation
16452,14576,aws_iot_greengrass
23531,14599,industrial_automation
16412,14612,edge_analytics
14654,10638,pressure_sensors
14680,9359,modbus_tcp_ip
2619,25531,metal_matrix_composites
2620,25569,ceramic_matrix_composites
2621,22074,material_selection
25881,15023,bearing_analysis
29218,15052,smart_hvac
29495,15065,temperature_monitoring
24844,15076,critical_care_nursing
25212,15097,pain_management
24719,15112,fetal_monitoring
24682,15121,progress_notes
24683,15122,discharge_summaries
29836,15127,dementia_care
24708,15128,spiritual_care
24853,15129,trauma_nursing
25061,15131,stroke_management
24854,15132,disaster_response
29838,15137,neurological_rehabilitation
24679,15138,chronic_disease_management
24696,15139,diabetes_management
24698,15142,heart_failure_management
15148,24783,general_surgery
24827,15150,trauma_surgery
24784,15151,abdominal_surgery
24788,15152,minimally_invasive_surgery
24825,15162,heart_transplant
27291,15253,cardiovascular_pharmacology
28484,2746,asset_management
2747,28117,product_lifecycle_management
23160,2748,requirements_management
27351,15325,antibody_engineering
27356,15334,bispecific_antibodies
27410,15343,single_cell_sequencing
512,15349,cell_free_systems
27429,15419,flow_cytometry
24739,15507,cloud_pacs
30736,15565,malaria_control
30001,2817,virtual_teams
31730,15607,medical_device_regulation
15611,25205,phase_i_iv_trials
2834,1478,motion_control
27655,15621,api_manufacturing
30786,15686,on_site_monitoring
24908,15757,sleep_monitoring
16759,15818,compliance_reporting
5,15910,burnout_prevention
10556,15931,vendor_management
32084,16029,content_management
16100,319,performance_analytics
20765,16165,real_time_dashboards
20765,17091,real_time_dashboards
16290,2734,batch_control
4772,16293,abb_800xa
16306,21083,motion_control_systems
16332,4828,recipe_development
14581,16448,azure_iot_central
20613,16476,vibration_sensors
16553,11362,kpi_dashboards
16557,19438,carbon_footprint_tracking
20020,16565,prescriptive_analytics
2739,16570,quick_changeover
16598,2701,material_handling
2845,16634,torque_control
2632,16643,laser_welding
15482,16763,quality_metrics
16782,19683,what_if_analysis
3507,16841,behavioral_analysis
7557,16855,vulnerability_assessment
16857,18343,rollback_procedures
4359,16882,ftir_spectroscopy
20193,16903,reliability_centered_maintenance_rcm
20193,21127,reliability_centered_maintenance_rcm
16917,18173,custom_dashboards
20794,16992,binder_jetting
21016,17031,poka_yoke
8282,17082,delta_lake
17133,4777,scada_systems
19418,17621,fleet_telematics
2945,17644,wallet_integration
22299,17704,a_b_testing_and_experimentation
22299,32551,a_b_testing_and_experimentation
17899,11773,stress_testing_and_scenario_analysis
18988,17908,business_continuity_and_disaster_recovery
18988,11760,business_continuity_and_disaster_recovery
24625,18360,cloud_storage
18957,18489,reputational_risk
18531,16066,annual_reviews
7806,18640,business_continuity_planning
18837,8676,professional_development
25914,18992,kpi_development
27591,19050,fda_submissions
19102,31577,trademark_management
17364,3454,embedded_insurance
17676,19296,real_time_fraud_detection
19517,12652,order_picker
19709,26934,control_tower_operations
19823,26761,pharmaceutical_cold_chain
442,19837,controlled_atmosphere_storage
19890,16644,autonomous_mobile_robots_amr
21090,19908,laser_guided_agv
32690,20044,custom_visualizations
26724,20057,oracle_transportation_management
28058,20109,fishbone_diagram
20171,34147,building_management_systems_bms
20174,9597,asset_lifecycle_management
31179,20318,chiller_plant_optimization
20332,29228,access_control_systems
20343,12495,cybersecurity_for_physical_systems
20398,12239,phased_evacuation
20427,11966,kitchen_fire_suppression_systems
20522,34024,composting_and_organic_waste_management
34234,20535,rcra_compliance
12007,20665,osha_1910_general_industry
20742,26845,rockwell_factorytalk
26849,20757,mixed_model_production
20805,25549,investment_casting
20851,16957,solidworks_simulation
20872,12086,failure_mode_and_effects_analysis_fmea
23136,20904,geometric_dimensioning_and_tolerancing_gd_and_t
20919,26959,supplier_quality_management
20924,26979,long_term_capability
21047,21695,allen_bradley_plc
21047,4774,allen_bradley_plc
21073,23543,deep_learning_vision
17136,21096,industrial_cybersecurity
21112,20074,lockout_tagout
6008,21116,lockout_tagout_loto
21233,19690,e_procurement
21255,21817,material_traceability
8480,21385,performance_based_design
21102,21442,condition_based_maintenance
2807,21585,export_control
18187,21997,firewall_management
22021,9055,compliance_tracking
15012,22084,waste_management
22257,33067,product_launch_campaigns
22280,32731,street_furniture
22387,32722,multi_channel_campaigns
22397,32058,enhanced_e_commerce
32692,22402,google_tag_manager
22528,32218,behavioral_segmentation
22552,32832,churn_analysis
22566,28650,prototype_testing
18839,22584,technology_trends
33258,22622,canva_design
22668,32221,customer_lifetime_value_analysis
22693,1970,real_time_reporting
22693,26551,real_time_reporting
7197,22714,win_back_campaigns
22719,32694,cross_domain_tracking
22771,8751,win_loss_analysis
22771,32020,win_loss_analysis
22785,32836,partner_marketing
22832,33073,influencer_contract_negotiation
22845,32060,attribution_modeling
7217,22855,vip_programs
22883,32791,domain_reputation
22902,32795,promotional_sms
22925,32509,demographic_scoring
22981,33036,twitter_spaces
23052,29574,badge_printing
23060,31555,panel_discussions
23063,33087,engagement_tracking
23065,32765,revenue_attribution
23079,28663,session_recordings
23089,29078,contingency_planning
23107,32925,hubspot_marketing_certification
23112,2280,parametric_design
23113,2285,sheet_metal
23114,2243,mold_design
2321,23121,piping_design
2301,23122,cam_programming
23124,2247,advanced_simulation
23125,21172,die_design
2283,23131,fusion_360
20792,23133,additive_manufacturing
2705,23134,cnc_machining
23139,20907,datum_reference_frames
23144,2177,surface_modeling
23145,2275,automotive_styling
2197,23147,reverse_engineering
23196,2843,dtc_control
23240,5583,bim_coordination
23270,5846,pre_engineered_buildings
6307,23336,well_building_standard
23341,5891,acoustic_insulation
6144,23366,value_engineering
23384,5978,fall_protection
23397,6183,cpi_spi_analysis
11352,23398,variance_analysis
21131,23514,electrical_calibration
23584,1570,regression_testing
2144,23599,sandwich_structures
23628,2070,corrosion_protection
23732,2299,multiphase_flow
23742,5715,centrifugal_pumps
23762,5927,water_tube_boilers
23804,10902,multicam_editing
23814,11128,aces_workflow
23831,10802,red_camera_systems
11250,23856,digital_imaging_technician
23871,11071,virtual_production
23953,11058,film_mixing
23981,11059,music_mixing
11089,24020,adobe_after_effects
11108,24022,motion_tracking
24086,13344,geometry_nodes
13828,24097,architectural_rendering
13996,24114,creature_design
13583,24141,crowd_simulation
24228,11135,live_reporting
6642,24268,investigative_interviews
4199,24275,statistical_analysis
13697,24392,ad_integration
6638,24406,live_streaming
24432,14105,marker_based_ar
24445,14115,spatial_audio_design
24459,6233,training_simulations
14123,24462,mobile_ar
6830,24515,feature_films
24541,16203,union_compliance
24763,15408,point_of_care_testing
24805,15179,spine_surgery
24866,15764,physical_therapy
24971,15209,peritoneal_dialysis
25011,15474,meditech_ambulatory
25029,15534,hipaa_compliance_and_privacy
21148,25130,ergonomic_assessment
25368,4217,pressure_transient_analysis
25396,4872,property_modeling
25724,4233,cryogenic_processing
25743,4249,pipeline_scada
22473,25809,community_relations
20703,25962,high_voltage_safety
19057,26092,environmental_regulations
11685,26145,portfolio_monitoring
26161,13279,focus_groups
8392,26174,regression_analysis
22472,26302,grassroots_advocacy
26362,11544,sasb_standards
26405,30541,nutrition_and_food_security_programs
13078,26427,sign_language
26746,19450,same_day_delivery
26779,19479,oracle_wms
19503,26788,blind_counting
20741,26844,sap_mes
27093,20749,machine_learning_forecasting
22697,27112,tableau_prep
27178,4110,lean_six_sigma_green_belt
15332,27349,protein_engineering
27408,15341,whole_genome_sequencing
27723,15724,cancer_genomics
33583,5083,log_analytics
28076,3690,user_story_mapping
22725,28092,go_to_market_strategy
2408,28407,rapid_prototyping
28431,8652,visual_storytelling
28514,22914,cognitive_accessibility
28531,1743,automated_scanning
28676,13871,brand_architecture
29183,2711,energy_monitoring
29215,19940,vibration_analysis
29240,7504,facial_recognition
29329,11649,performance_attribution
6122,29397,detailed_estimating
29430,12933,leed_certification
6264,29458,solar_pv_systems
14682,29502,mqtt_protocol
3817,29595,risk_modeling
8339,29634,time_series
30297,11644,screening_tools
30416,15610,good_clinical_practice_gcp
15612,30431,international_trials
30654,19052,510k_submissions
19850,30780,temperature_excursion_management
2110,30932,ice_protection
31041,2384,hydrogen_fuel_cell_systems
20656,31149,building_energy_management_systems_bems
31475,8415,canonical_correlation
7792,31616,risk_assessment_and_management
31620,5285,budget_management
31790,19679,promotional_planning
31803,2198,competitive_analysis
22581,31831,service_blueprinting
31901,3523,apple_pay
22988,32079,facebook_marketplace
32147,11859,expense_management
32216,3458,customer_segmentation
22847,32232,ambassador_programs
32315,22823,product_bundling
22339,32534,performance_max
32548,15997,custom_reports
22407,32558,affiliate_marketing
32607,10869,commercial_scripts
22288,32740,radio_advertising
22900,32793,sms_marketing
22753,32821,saas_pricing
32870,5498,action_planning
22997,32991,idea_pins
22796,33061,influencer_discovery_and_vetting
22352,33118,lead_gen_forms
33141,22963,hootsuite_platform_management
23010,33185,social_media_crisis_management
13674,33630,build_automation
1604,33830,selenium_grid
33840,1667,mock_servers
23399,6184,estimate_at_completion
945,6185,trend_analysis
34149,6265,solar_thermal
34545,16036,instructional_design
8473,34549,curriculum_mapping
8494,34559,learning_objectives_development
34578,9105,udl_assessment
34826,8555,immersive_reader
34846,5093,data_collection
8894,35072,asynchronous_learning_design
35079,8524,blended_learning_design
35184,3898,microsoft_teams
9974,6674,conflict_of_interest_management
30574,7825,data_mapping
7952,916,model_selection
8025,1459,generative_adversarial_networks
8097,1028,entity_recognition
8108,1197,hybrid_search
8125,1208,function_calling
8140,1242,tool_use
8246,28640,task_dependencies
8276,17083,data_cataloging
8296,1251,model_serving
8445,1257,weights_and_biases
34694,9127,computer_based_testing
20162,9633,corrective_maintenance
27172,13142,demand_forecasting
13737,28253,adobe_illustrator
13922,28213,adobe_xd
30672,14031,annual_reports
28742,14166,transactional_emails
16937,14582,azure_digital_twins
24730,15188,radiology_and_medical_imaging
15245,27489,medicinal_chemistry
15683,21701,remote_monitoring
14675,16680,can_fd
18465,3954,executive_coaching
35155,18538,recognition_and_rewards
5413,18567,executive_presence
31822,20188,vendor_performance_evaluation
25958,20684,sewer_entry
21035,26848,continuous_flow_manufacturing
21694,2687,siemens_plc
22696,17098,server_administration
23108,32923,google_analytics_certification
23164,2207,service_manuals
23199,14989,audio_processing
23200,4295,image_processing
23236,5591,revit_structure
23374,2794,design_collaboration
23405,6134,bluebeam_revu
23708,6204,construction_sequencing
24033,10973,color_grading
24102,13402,creature_animation
13805,24130,puppet_animation
13274,24144,tool_development
6840,24224,beat_board
6646,24225,broadcast_journalism
8158,1069,voice_cloning
15178,24808,orthopedic_surgery
28200,3925,strategic_roadmapping
28229,13879,brand_color_systems
10974,28248,adobe_photoshop
13746,28285,affinity_designer
28306,13933,hover_states
28604,13771,poster_design
22375,29102,marketing_automation
29130,14011,virtual_tours
29298,6170,document_management
6282,29466,passive_house_design
30331,4484,legal_compliance
31494,15346,multiplex_pcr
19714,32276,order_management_systems_oms
22630,32613,email_copywriting
33431,14617,custom_components
1786,33632,github_actions
13243,33712,unreal_engine
14487,33765,arm_architecture
1511,7960,bayesian_optimization
11346,1525,sensitivity_analysis
1556,11377,natural_language_processing
7962,1566,reinforcement_learning
1599,28036,usability_testing
28161,1600,heuristic_evaluation
25866,1635,web_scraping
33829,1656,page_object_model
23583,1679,performance_testing
22554,1711,real_time_monitoring
22554,10590,real_time_monitoring
29379,1718,performance_metrics
28729,1730,mobile_performance
1744,16861,active_scanning
1770,17034,quality_gates
17272,1787,workflow_automation
1790,33636,gitlab_ci_cd
33638,1791,auto_devops
1823,16649,blue_prism
1828,16650,automation_anywhere
16784,5089,performance_analysis
33838,1863,api_testing
31986,1945,pipeline_management
16924,1947,backlog_management
23880,1955,advanced_filters
17130,1977,embedded_systems
26681,2080,global_sourcing
18486,2081,risk_management
23305,2111,fire_protection
23764,2129,cryogenic_systems
2143,23597,carbon_fiber
17128,2156,digital_manufacturing
2166,10687,packaging_design
2172,31426,design_for_manufacturing
31657,2173,injection_molding_design
23110,2175,sheet_metal_design
31427,2176,design_for_assembly
2182,24098,product_visualization
27999,2187,design_thinking
22136,2188,service_design
31412,2189,experience_design
10359,2193,sustainable_materials
23375,2200,quality_control
2202,31283,sustainable_product_design
10450,2203,cradle_to_cradle_design
567,2206,circular_economy
31032,2212,durability_testing
31031,2213,environmental_testing
10672,2215,digital_portfolio
10673,2216,print_portfolio
10674,2217,interactive_portfolio
25209,2223,patient_monitoring
2244,17002,siemens_nx
2250,16951,ansys_fluent
2282,29302,complex_geometry
2292,31639,finite_element_analysis
2294,16958,nonlinear_analysis
23286,2295,contact_analysis
2296,31641,computational_fluid_dynamics
2303,21207,high_speed_machining
2306,17006,lattice_structures
10262,2316,laser_cutting
25888,2325,pneumatic_systems
2326,9395,battery_management_systems
2327,9396,active_balancing
2328,9397,passive_balancing
2332,21706,permanent_magnet_motors
2336,23173,power_electronics
2351,21689,high_voltage_systems
2361,9433,frequency_regulation
21710,2362,peak_shaving
23449,2363,demand_response
2370,31029,battery_testing_and_validation
31030,2371,abuse_testing
10602,2377,phase_change_materials
31042,2385,pem_fuel_cells
2395,31014,grid_services
2396,9453,off_grid_applications
30994,2397,commercial_storage
31643,2399,metal_3d_printing
23559,2400,polymer_printing
2416,16996,stainless_steel
26945,2430,statistical_process_control
30930,2494,airfoil_design
7148,2546,six_sigma
2547,25563,non_destructive_testing
2549,25565,digital_radiography
31649,2556,vision_systems
2557,21461,reliability_engineering
12087,2558,design_fmea
12088,2559,process_fmea
2560,27998,fault_tree_analysis
2570,21668,process_safety
28453,2572,component_testing
23624,2574,fatigue_testing
21370,2577,type_approval
23287,2592,fracture_mechanics
2611,23596,composite_materials_engineering
2616,21397,lightweight_materials
2630,23648,joining_technologies
23620,2631,friction_stir_welding
23651,2633,structural_adhesives
23605,2635,corrosion_engineering
23606,2637,galvanic_corrosion
23607,2638,stress_corrosion_cracking
9398,2646,thermal_management
2657,23621,fatigue_and_fracture_mechanics
23622,2658,high_cycle_fatigue
23623,2659,low_cycle_fatigue
10355,2667,injection_molding
23638,2675,electronic_ceramics
2681,17127,industrial_robotics
23505,2683,collaborative_robots
17132,2686,plc_programming
23480,2689,mitsubishi_plc
23541,2691,machine_vision_systems
17070,2692,defect_detection
1125,2695,3d_vision
16600,2703,machine_tending
21153,2706,multi_axis_machining
21153,23555,multi_axis_machining
23579,2710,asset_tracking
17050,2712,quality_analytics
2713,26799,automated_guided_vehicles
26984,2722,lean_manufacturing
25583,2729,real_time_scheduling
16597,2731,arc_welding
9399,2736,safety_systems
2738,16566,flexible_manufacturing_systems
2742,21459,digital_twin_technology
2776,16754,deviation_management
2784,31269,compliance_management
2793,10536,supplier_collaboration
27013,2802,visual_work_instructions
10442,2815,modular_design
2835,29421,system_integration
31019,2839,pack_integration
32601,2858,user_manuals
21699,2894,bridge_integration
2958,1008,plugin_development
17049,2970,performance_optimization
33560,2988,query_optimization
3019,9706,algorithmic_trading
3036,17089,metadata_management
3076,10589,order_management
738,3080,market_analytics
3113,17888,collateral_management
16564,3149,yield_optimization
22142,3239,revenue_sharing
28337,3286,push_notifications
23227,3366,static_analysis
3367,25698,dynamic_testing
3373,1337,homomorphic_encryption
31962,3393,account_management
33080,3422,fraud_detection
29330,3443,portfolio_optimization
3449,17836,regulatory_reporting
17605,3453,claims_automation
3457,29083,transaction_analysis
31116,3473,penetration_testing
3484,9714,real_time_settlement
7117,3490,subscription_lifecycle
33799,3512,event_sourcing
30782,3530,expiry_management
12590,3582,courtroom_testimony
3613,1361,memory_management
3649,17781,document_verification
17662,3651,risk_scoring
28810,3664,certified_scrum_product_owner_cspo
18609,3677,lean_six_sigma
26985,3678,lean_enterprise
31421,3679,lean_startup
28077,3689,release_planning
3702,28095,agile_product_management
25573,3710,schedule_optimization
23396,3720,earned_value_management_evm
3726,29394,resource_leveling
23357,3729,baseline_management
31726,3750,feasibility_studies
3771,28304,interactive_prototypes
3777,23158,product_lifecycle_management_plm
28114,3784,concierge_mvp
28115,3785,wizard_of_oz_mvp
3787,32804,go_to_market_gtm_strategy
3795,28026,weighted_scoring
3796,28024,cost_of_delay
28801,3797,opportunity_scoring
3800,24397,engagement_metrics
26509,3803,ethnographic_research
3805,23362,portfolio_management
28067,3816,monte_carlo_simulation
7193,3822,crisis_management
7260,3824,change_management
18499,3827,cultural_change
7229,3828,conflict_resolution
3833,27624,community_engagement
10107,3841,gdpr_compliance
9938,3842,sox_compliance
3844,28851,project_scheduling
23412,3845,schedule_compression
3850,10574,capacity_planning
28815,3856,milestone_planning
28135,4068,lean_canvas
23239,3863,parametric_modeling
16749,3865,lean_scheduling
23359,3886,microsoft_project
3922,18436,strategic_planning
3924,323,scenario_planning
3931,17700,executive_dashboards
7169,3933,predictive_analytics
35165,3934,change_leadership
18498,3935,digital_transformation
10032,3936,servant_leadership
18623,3937,agile_leadership
18579,3946,investor_relations
3960,26623,zero_based_budgeting
31622,3961,capital_budgeting
26680,3970,strategic_sourcing
26683,3972,supplier_relationship_management
26970,3978,iso_audits
3987,10567,iso_9001
26990,4009,six_sigma_black_belt
4056,873,data_driven_decision_making
27103,4057,advanced_analytics
4062,29619,automated_reporting
26995,4064,value_stream_mapping
4071,28090,impact_mapping
28848,4079,sprint_planning
4090,20955,cost_benefit_analysis
4090,26149,cost_benefit_analysis
4094,16916,power_bi
4095,29617,dax_formulas
4113,18444,process_optimization
27179,4114,lean_six_sigma_black_belt
25723,4138,gas_processing
27250,4140,process_troubleshooting
841,4170,energy_optimization
4173,9191,real_time_optimization
16954,4187,turbulence_modeling
4206,9148,emissions_control
4216,25919,material_balance
4219,25346,directional_drilling
25411,4221,underbalanced_drilling
25726,4234,amine_treating
4244,25391,polymer_flooding
4245,25392,microbial_eor
25711,4247,subsea_pipelines
23578,4254,digital_twin
25747,4257,fixed_platforms
25722,4267,safety_instrumented_systems
4270,21115,bow_tie_analysis
4270,21871,bow_tie_analysis
91,4272,emergency_response
27909,4284,powder_xrd
25544,4297,induction_hardening
25543,4300,vacuum_heat_treatment
29898,4305,quality_assurance
25527,4308,high_entropy_alloys
25532,4312,additive_manufacturing_powders
4336,23587,materials_selection_and_design
4339,20899,non_destructive_testing_ndt
4339,23610,non_destructive_testing_ndt
4340,25566,eddy_current_testing
27484,4345,high_throughput_screening
4354,453,twin_screw_extrusion
31500,4360,nmr_spectroscopy
20791,4383,gas_assisted_molding
20789,4413,post_processing
29669,4416,osha_compliance
4421,12085,quantitative_risk_assessment
4425,25798,epa_regulations
25767,4427,environmental_impact_assessment
25942,4435,respiratory_protection
25956,4438,confined_space_entry
4439,12071,process_safety_management_psm
4442,12075,pre_startup_safety_reviews
4443,25925,contractor_safety
90,4448,crisis_communication
4457,31277,reverse_osmosis
4458,31276,zero_liquid_discharge
4467,12123,dust_explosion_prevention
34264,4477,stack_testing
33872,4482,ems_implementation
31501,4494,raman_spectroscopy
31004,4528,solid_state_batteries
25525,4541,titanium_alloys
4553,21714,neural_networks
9187,4567,fuel_cells
371,4568,energy_storage
9392,4578,flow_batteries
4580,9454,battery_recycling
22060,4582,heat_exchangers
23766,4592,air_separation
4596,31249,carbon_capture_and_storage_ccs
4596,33974,carbon_capture_and_storage_ccs
33976,4598,geological_storage
30714,4603,nuclear_safety
31264,4606,heat_pumps
23291,4607,vav_systems
23734,4615,combustion_modeling
4648,23973,batch_processing
27822,4658,enzyme_production
4693,25533,pitting_corrosion
4695,21810,cathodic_protection_systems
23771,4699,storage_tanks
4710,23609,high_temperature_corrosion
25567,4718,composite_materials
4722,25933,risk_based_inspection
4770,16294,emerson_deltav
4776,25880,safety_plc
16336,4783,honeywell_profit_controller
4787,16320,analytical_instruments
4788,25891,control_valves
4790,23493,safety_instrumented_systems_sis
4791,16303,iec_61511
4792,12101,sil_verification
17134,4809,opc_ua
16796,4813,iec_62443
27707,4831,electronic_batch_records
4832,29510,wireless_sensor_networks
4833,29511,mesh_networks
16425,4834,edge_computing
17129,4835,condition_monitoring
16984,4839,virtual_commissioning
4845,9825,direct_air_capture
25371,4863,water_based_muds
25370,4864,oil_based_muds
4869,34145,bio_based_materials
25395,4874,uncertainty_analysis
25398,4875,eclipse_reservoir_simulator
4998,1265,multi_stage_builds
33623,5024,pod_management
5181,5048,zero_trust_networking
5055,17078,data_source_integration
9304,5059,security_monitoring
33303,5079,custom_metrics
5117,24587,disaster_recovery
16288,5126,process_automation
28648,5139,integration_hub
9303,5156,network_segmentation
23918,5159,cdn_configuration
5174,33815,health_checks
5188,33635,secrets_management
33458,5196,event_driven_architecture
5199,33612,azure_functions
5205,33618,cloud_run
1308,5215,deployment_automation
30809,5220,global_distribution
5249,23673,python_scripting
5250,25864,automation_scripts
5252,18333,bash_shell_scripting
5268,24617,version_control_systems
7135,5278,policy_enforcement
5286,29401,resource_optimization
1433,5293,anomaly_detection
25921,5311,cost_reduction
31981,5361,cold_calling
5373,34224,executive_summaries
5379,32599,technical_writing
32597,5391,product_descriptions
5392,24254,social_media_copy
18730,5401,workshop_facilitation
28714,5405,keynote_design
5415,18647,investor_pitches
7043,5422,empathetic_listening
7223,5423,reflective_listening
1353,5429,bias_detection
27979,5431,evidence_evaluation
10761,5443,character_development
28720,5456,origin_stories
7185,5465,cultural_intelligence
5469,28793,cultural_sensitivity
7072,5472,technical_translation
35166,5484,conflict_mediation
7122,5487,de_escalation_techniques
5494,28796,receiving_feedback
5499,18552,difficult_conversations
5500,18554,performance_issues
7129,5501,termination_discussions
24407,5511,screen_sharing
17106,5524,version_control
5527,12226,stakeholder_mapping
35239,5536,status_updates
32166,5543,culture_building
29206,5545,sla_management
5547,29411,issue_resolution
18689,5548,performance_reviews
5568,18549,contract_negotiation
31967,5573,objection_handling
5582,23657,building_information_modeling_bim
5586,29292,5d_cost_estimation
23306,5590,revit_mep
29289,5592,family_creation
29389,5593,cpm_scheduling
23411,5594,look_ahead_planning
5595,29628,progress_monitoring
23301,5607,autocad_mep
5609,21951,3d_modeling
5614,10326,final_inspection
23355,5625,primavera_p6
26122,5627,risk_analysis
18487,5632,financial_risk
23379,5636,lean_construction
23380,5637,last_planner_system
23381,5638,takt_planning
26905,5640,digital_twins
29432,5643,energy_modeling
23317,5681,greywater_systems
5701,25889,vacuum_systems
5748,23219,grounding_and_earthing_systems
23194,5752,lightning_protection
16309,5769,vfd_programming
9166,5774,rooftop_solar
23419,5776,off_grid_systems
5780,23217,outdoor_lighting
5781,21728,emergency_lighting
5797,12278,automatic_transfer_switches
29169,5799,lighting_control
5804,9559,circuit_breaker_testing
9518,5819,power_transformers
5898,21782,split_systems
23289,5900,vrf_systems
23330,5921,air_cooled_chillers
23761,5926,fire_tube_boilers
23344,5936,heat_pump_vrf
23343,5937,heat_recovery_vrf
23738,5957,plate_heat_exchangers
5960,23292,clean_room_hvac
23445,5966,closed_loop_systems
23446,5967,open_loop_systems
30974,5968,horizontal_loops
5992,12014,hearing_protection
6005,12248,wilderness_first_aid
6018,29416,construction_safety_management
30005,6022,safety_culture
6025,9754,environmental_compliance
6036,12660,arc_flash_boundary_calculation
6053,12664,overhead_crane
6068,29192,snow_removal
6121,29396,conceptual_estimating
6129,23402,bim_takeoff
29393,6150,earned_value_management
29390,6152,change_order_management
33998,6181,hazardous_waste_management
6186,16977,bim_360
31705,6196,data_extraction
6198,1129,point_cloud_processing
29293,6206,4d_simulation
29217,6217,occupancy_sensors
27888,6218,environmental_monitoring
26749,6224,autonomous_vehicles
6237,26346,safety_training
23307,6244,mep_coordination
23435,6251,leed_ap
31369,6252,leed_green_associate
6255,29451,low_voc_materials
6266,29459,wind_turbines
6267,29460,geothermal_systems
34166,6272,living_building_challenge
23316,6279,rainwater_harvesting
6280,29462,low_flow_fixtures
34131,6283,passive_house_certification
34132,6284,phpp_modeling
34527,6291,carbon_offset_strategies
29454,6299,ventilation_strategies
29224,6300,air_quality_monitoring
6306,12383,brownfield_redevelopment
23436,6308,well_ap
6318,29477,circular_economy_in_construction
27139,6319,material_recovery
32594,6323,landing_page_copy
22633,6339,re_engagement_emails
28311,6362,error_messages
31561,6405,manufacturing_sops
6440,26094,financial_regulations
30089,6488,community_building
18725,6496,wiki_creation
32602,6497,knowledge_base
6533,28536,readability_optimization
10537,6554,seasonal_planning
28979,6556,deadline_management
34918,6560,apa_style
18619,6573,remote_team_management
35163,6576,cross_functional_leadership
28461,6604,review_processes
23457,6605,distribution_automation
6618,23948,breaking_news
6632,24229,video_journalism
6645,24270,expert_interviews
6677,27978,bias_awareness
24236,6722,true_crime
33622,6810,image_optimization
34572,6822,content_differentiation
28724,6825,landing_page_optimization
32321,6828,value_proposition
6832,24219,short_films
24243,6893,film_storyboards
24244,6894,animation_boards
24245,6895,commercial_boards
18831,6902,quantitative_research
18832,6903,qualitative_research
31376,6916,narrative_reviews
31383,6925,nsf_proposals
26183,6926,foundation_grants
26185,6927,corporate_grants
6928,31527,scientific_writing
6975,32909,content_briefs
33259,6988,social_media_templates
28987,6990,email_templates
1441,7018,stable_diffusion
7069,12881,concierge_services
7099,13067,service_recovery
7100,22505,crisis_recovery
7107,8851,journey_mapping
7108,22579,b2b_journey_mapping
7133,18940,contract_disputes
7141,12930,brand_standards
7146,11928,continuous_improvement
7161,13207,social_listening
7191,8447,team_collaboration
7199,13072,loyalty_program_management
7204,22660,referral_programs
9306,7326,zero_trust_architecture
33646,7355,api_gateway
18688,7359,peer_review
33615,7402,azure_ad
7516,16819,zero_trust_access
7604,17763,threat_hunting
7656,16837,certificate_management
24380,7703,digital_rights_management
7713,17775,malware_analysis
7743,12483,cyber_threat_intelligence
32707,7750,campaign_analysis
30258,7782,data_privacy
25030,7790,hipaa_security_rule
25031,7791,hipaa_privacy_rule
23358,7795,risk_register
7801,12542,third_party_risk_management
7811,12541,security_policy_development
17467,7824,privacy_impact_assessment
7829,29675,training_programs
29659,7867,perimeter_security
7905,25971,incident_investigation
26519,7912,correlation_analysis
7925,904,supervised_learning
7926,905,linear_regression
7927,906,logistic_regression
7931,909,unsupervised_learning
7935,908,ensemble_methods
7941,918,feature_engineering
7946,998,gpu_acceleration
7949,932,ordered_boosting
7950,933,gpu_training
922,7951,feature_importance
1134,7964,deep_q_networks
7966,17110,multi_agent_rl
1161,7967,model_based_rl
7968,944,time_series_analysis
7980,907,support_vector_machines
7986,28399,decision_trees
953,7979,hyperparameter_optimization
1095,7998,image_classification
7999,1081,object_detection
1100,8000,semantic_segmentation
1113,8001,transfer_learning
8011,1078,positional_encoding
1405,8015,tensorflow_lite
968,8017,distributed_training
967,8019,pytorch_lightning
8022,978,model_subclassing
1114,8028,feature_extraction
1115,8029,domain_adaptation
8064,16966,code_generation
1023,8066,model_hub
8068,1179,prompt_engineering
1183,8070,prompt_templates
8077,1037,sentiment_analysis
1038,8078,aspect_based_sentiment
1039,8079,fine_grained_sentiment
33243,8080,emotion_detection
8082,1045,text_classification
1047,8085,zero_shot_classification
8087,1049,machine_translation
8091,1054,question_answering
8092,1055,extractive_qa
8093,1056,generative_qa
8094,1057,open_domain_qa
1030,8099,pos_tagging
8107,1196,dense_retrieval
8119,1193,data_connectors
8121,1192,query_engines
8123,1204,openai_api
8128,1446,diffusion_models
1449,8129,latent_diffusion
1469,8136,text_to_image_generation
8157,1068,neural_tts
8166,958,model_evaluation
8176,1092,faster_r_cnn
8179,1103,image_segmentation
8181,1094,panoptic_segmentation
8185,1083,feature_detection
1040,8192,emotion_recognition
8197,1131,handwriting_recognition
563,8208,real_time_tracking
24738,8217,3d_reconstruction
1128,8218,depth_estimation
1127,8220,3d_object_detection
8221,1121,video_analysis
8222,1122,action_recognition
8224,1124,temporal_segmentation
8225,1123,video_captioning
8226,17052,edge_ai
1230,8227,model_quantization
1397,8228,knowledge_distillation
8236,1389,apache_spark
8237,1390,spark_sql
8241,17063,kafka_streams
8242,16510,kafka_connect
8261,29616,data_modeling
8278,17053,stream_processing
17062,8279,apache_flink
8285,1294,data_versioning
26134,8287,data_validation
1288,8299,triton_inference_server
8300,1280,model_monitoring
8303,1300,feature_monitoring
8307,1305,ci_cd_for_ml
8311,1276,feature_store
1310,8327,multi_armed_bandits
27585,8338,data_cleaning
8373,27119,power_pivot
17093,8383,embedded_analytics
8388,27981,hypothesis_testing
31447,8395,bayesian_statistics
8401,27995,test_design
8404,28021,causal_inference
31480,8412,competing_risks
31474,8413,multivariate_statistics
26517,8414,factor_analysis
31373,8423,factorial_design
8431,1226,vector_databases
1228,8434,similarity_search
8451,1281,azure_machine_learning
8455,1277,google_vertex_ai
1358,8459,gpu_programming
1364,8460,kernel_development
31470,8465,signal_processing
35064,8469,online_course_design
34548,8472,adaptive_learning_design
34542,8475,backward_design
34583,8476,competency_based_education
34563,8478,addie_model
34693,8486,adaptive_testing
34671,8487,performance_based_assessment
34575,8506,universal_design_for_learning_udl
8510,34547,microlearning_design
17839,8512,drip_campaigns
17451,8514,mobile_first_design
8520,18702,learning_needs_analysis
18737,8530,learning_communities
17812,8532,social_media_integration
34773,8548,google_classroom
8552,34777,microsoft_teams_for_education
34696,8561,learning_analytics
18777,8586,social_learning
8609,12630,mobile_learning
8610,29571,accessible_design
35097,8615,interactive_videos
28395,8634,advanced_interactions
8669,34781,zoom_for_education
18584,8675,town_halls
35098,8679,live_quizzes
34660,8694,formative_assessment
30074,8701,family_engagement
33026,8738,retention_analytics
18621,8740,remote_onboarding
31958,8749,consultative_selling
8755,26054,technical_skills_training
18581,8761,presentation_skills
28975,8763,time_management
27977,8764,critical_thinking
9961,8772,process_improvement
32451,8781,sales_enablement
18723,8789,reverse_mentoring
18853,8792,experiential_learning
8809,17430,financial_reporting
8810,9790,operational_metrics
34707,8820,exit_tickets
34665,8828,portfolio_assessment
30013,8833,skills_assessment
32223,8853,retention_modeling
35179,8866,webinar_hosting
31951,8887,product_training
18672,8897,self_directed_learning
23888,8923,youtube_live
23887,8925,facebook_live
32980,8926,linkedin_live
8929,24414,live_captioning
8932,28552,alternative_formats
8933,28798,gamification_design
12673,8939,simulation_games
34806,8957,virtual_field_trips
35115,8975,medical_simulations
18505,9029,psychological_safety
813,9031,communities_of_practice
18888,9032,knowledge_sharing
18633,9037,talent_pools
18755,9045,peer_coaching
18439,9064,business_acumen
28489,9075,wcag_compliance
28541,9082,accessible_media
28535,9089,voice_control
29837,9108,autism_spectrum
24387,9120,mobile_apps
30491,9136,health_literacy
19962,9262,vibration_monitoring
9272,20366,two_way_communication
9300,1971,pattern_recognition
9301,20052,optimization_algorithms
14679,9358,modbus_rtu
9363,14890,opc_ua_server
9364,14891,opc_ua_client
20307,9484,arc_flash_labeling
19941,9546,thermal_imaging
14653,9579,temperature_sensors
14657,9582,environmental_sensors
9622,19465,predictive_maintenance_analytics
21129,9649,criticality_analysis
9918,19160,values_integration
11021,24166,aputure_led
9928,19353,attorney_client_privilege
9962,21305,failure_analysis
9965,11765,board_reporting
10017,19275,red_flag_identification
10019,19175,financial_conflicts
10078,22791,industry_standards
10149,13419,fashion_design
10462,11542,carbon_accounting
13894,10534,brand_strategy
21221,10561,inventory_optimization
18987,10569,iso_45001
20928,10570,time_and_motion_study
10646,13745,logo_design
10938,10650,color_correction
13758,10652,digital_illustration
10657,13264,digital_prototyping
10688,13781,marketing_materials
10690,13189,influencer_marketing
10692,20777,campaign_management
10705,13200,instagram_marketing
11008,10708,fashion_photography
23038,10722,pop_up_events
13041,10724,trade_shows
10730,11810,customer_analytics
22803,10735,brand_ambassadors
22583,10745,consumer_trends
10791,28008,creativity_and_innovation
10799,23821,camera_operation
10804,23841,blackmagic_cinema_cameras
23939,10827,sports_broadcasting
10828,24203,time_lapse_photography
24147,10852,documentary_style
24247,10883,documentary_storytelling
34042,10900,minimalist_design
10901,23803,adobe_premiere_pro
10910,23807,final_cut_pro
10912,23817,avid_media_composer
10962,28693,product_photography
10992,23857,raw_processing
17152,11006,commercial_property
11020,24164,led_lighting_systems
11029,23216,lighting_design
24153,11031,dramatic_lighting
31171,11032,commercial_lighting
24010,11036,field_recording
11049,23962,sound_design
23975,11050,film_sound_design
23974,11051,game_audio
11075,23813,hdr_color_grading
11076,24034,film_emulation
11077,24035,look_development
28293,11091,motion_design
11093,24026,green_screen_keying
11131,23866,documentary_filmmaking
11137,24267,interview_techniques
11140,24269,celebrity_interviews
11141,24273,investigative_research
11142,24274,historical_research
11182,24436,360_video_production
24427,11193,vr_gaming
24429,11194,vr_training
24016,11204,vr_audio
24159,11228,grip_equipment
11232,29287,digital_asset_management
24601,11239,cloud_workflows
11245,23843,ursa_mini_pro
23858,11252,hdr_monitoring
23846,11255,film_production_management
11256,32737,commercial_production
11331,24133,2d_animation
22570,11361,data_visualization_and_reporting
26168,11363,interactive_dashboards
11365,17092,custom_visuals
28551,11369,data_tables
16896,11376,time_series_forecasting
18437,11380,multi_year_planning
17353,11382,capital_allocation
31781,11419,cash_reconciliation
11461,17499,disclosure_requirements
11484,25927,internal_auditing
11501,26644,fraud_prevention
18488,11502,operational_risk
11503,28028,strategic_risk
11528,17727,regulatory_compliance
28215,13923,voice_prototyping
26361,11543,gri_standards
26363,11545,tcfd_reporting
11548,34515,tax_credits
28216,13926,repeat_grid
11642,29586,portfolio_analytics
29613,11648,portfolio_reporting
28017,11660,scenario_analysis
29476,11669,esg_integration
33924,11671,climate_risk
17329,11680,credit_scoring
29261,11690,investment_management
31903,11729,customer_relationship_management
17863,11741,risk_reporting
29686,11761,business_impact_analysis
11764,18494,corporate_governance
26893,11771,cybersecurity_risk
33947,11776,climate_stress_testing
1307,11779,model_validation
11790,29249,smart_contracts
33476,11800,restful_apis
11802,29512,data_aggregation
31485,11809,data_mining
32133,11849,aging_reports
32368,11855,recurring_billing
27002,11929,waste_elimination
20386,11931,addressable_fire_alarm_systems
11937,20389,pre_action_systems
11953,20420,atrium_smoke_control
20405,11989,led_emergency_lights
12008,20666,osha_1926_construction
20669,12011,personal_protective_equipment_ppe_management
20705,12023,hearing_conservation_programs
28217,13925,component_states
12069,20105,defensive_driving
20895,12141,inspection_planning
12192,20195,maintenance_strategy_development
12212,20138,emergency_response_planning
22713,12344,early_warning_systems
20510,12366,universal_waste
12415,19233,compliance_audits
20362,12478,security_risk_assessment
12512,20352,theft_investigation
12530,20131,driver_vetting
12540,18431,compliance_auditing
13877,28226,color_theory
12631,16054,microlearning_modules
12633,16056,adaptive_learning
19516,12651,reach_truck
12653,20695,pallet_jack
12760,14931,industrial_safety
12770,20365,emergency_communication_systems
32087,12788,stock_rotation
12852,31857,toast_pos
33051,12869,escalation_handling
21960,12893,channel_management
12923,29132,social_media_marketing
32124,12955,just_in_time_inventory
141,12966,energy_management
29167,12967,building_automation_systems
34382,12972,rfid_tracking
13006,24538,international_travel
13065,31911,luxury_service
32247,13083,nps_programs
31870,13138,payment_gateway_integration
26944,13149,certification_audits
21825,13151,fire_safety
30689,13152,chemical_safety
13198,32560,influencer_partnerships
13204,33188,online_reputation_management
22951,13211,user_generated_content
25107,13228,natural_disasters
33716,13244,niagara_vfx
13266,33727,cross_platform_development
13269,24423,mobile_optimization
35176,13272,resource_allocation
13280,33714,c_plus_plus_programming
24087,13346,grease_pencil
13348,24088,autodesk_maya
24104,13352,character_rigging
13365,24116,substance_painter
28343,13469,voice_commands
24015,13476,spatial_audio
13481,24450,hand_tracking
13491,13861,fire_and_smoke
24624,13522,cloud_rendering
23569,13598,collision_avoidance
13667,1306,automated_testing
28083,13704,retention_metrics
28673,13705,conversion_funnels
28082,13706,cohort_analysis
22866,13714,re_engagement_campaigns
22866,32783,re_engagement_campaigns
22826,13728,cross_promotion
13740,28599,infographic_design
28211,13756,symbol_libraries
28603,13770,brochure_design
28697,13773,magazine_layout
28568,13793,character_design
32013,13800,product_demos
24279,13801,educational_content
28302,13819,timeline_animation
13827,24091,arnold_rendering
13951,28265,design_tokens
13848,29306,3d_rendering
24093,13850,octane_render
24117,13852,game_asset_texturing
13856,23898,real_time_animation
13857,23874,virtual_sets
13866,28588,abstract_marks
13868,28583,brand_identity_design
13869,28585,brand_guidelines
13870,32717,visual_systems
28223,13883,variable_fonts
13887,28691,box_design
27147,13889,sustainable_packaging
28241,13907,line_icons
28309,13934,loading_states
28433,13948,atomic_design
13952,23805,proxy_workflows
13955,23812,davinci_resolve
13958,23811,hdr_grading
23808,13959,magnetic_timeline
24063,13966,wire_removal
24044,13988,matte_painting
13999,24045,set_extensions
24478,14023,environment_scanning
14026,28698,book_design
14029,28696,editorial_design
28222,14040,web_typography
28234,14042,grid_systems
23265,14053,column_design
28225,14067,font_pairing
24430,14145,social_vr
16929,14147,product_twins
14150,32753,social_media_graphics
28709,14152,linkedin_graphics
14155,28600,statistical_infographics
14157,28601,process_infographics
32565,14163,rich_media_ads
32614,14165,promotional_emails
14192,33744,microcontroller_programming
14208,33745,bare_metal_programming
14303,33746,firmware_development
23176,14402,mixed_signal_design
23177,14406,high_speed_pcb
32408,14417,eagle_pcb
1419,14532,nvidia_jetson
16454,14586,iot_analytics
14602,1420,jetson_nano
14603,1421,jetson_xavier
16456,14635,fleet_management
14689,16473,ble_mesh
16480,14727,coap_observe
16308,14734,stepper_motors
14737,16636,pneumatic_actuators
16660,14883,profinet_irt
16659,14884,profinet_rt
16661,14885,profinet_cba
23347,14893,bacnet_protocol
16674,14895,bacnet_ms_tp
23174,14990,motor_control
16519,14999,factory_automation
898,15007,livestock_monitoring
24715,15026,vital_signs_monitoring
23456,15031,smart_meters
29433,15036,air_quality
29434,15037,water_quality
31807,15042,digital_signage
16912,15067,leak_detection
28342,15073,google_assistant
24851,15078,emergency_nursing
24845,15079,oncology_nursing
24672,15081,patient_assessment
15086,29189,infection_control
24692,15087,surgical_asepsis
24688,15098,pediatric_dosing
15100,24690,iv_therapy
24815,15180,hand_surgery
24811,15182,trauma_orthopedics
24768,15189,interventional_radiology
24880,15215,sleep_disorders
15238,855,controlled_release
30634,15242,post_market_surveillance
30151,15243,risk_evaluation
27206,15248,prodrug_design
448,15261,aseptic_processing
30665,15263,biologics_manufacturing
27280,15265,phenotypic_screening
27497,15266,structure_based_drug_design
27889,15272,dissolution_testing
30691,15278,environmental_toxicology
27230,15284,pharmaceutical_packaging
27631,15295,comparative_effectiveness
27523,15304,monoclonal_antibodies
15313,487,crispr_gene_editing
488,15314,base_editing
489,15315,prime_editing
27469,15316,crispr_screening
15322,27334,recombinant_dna_technology
27336,15323,viral_vectors
27344,15324,synthetic_biology
27425,15331,primary_cell_culture
27517,15333,antibody_drug_conjugates
27352,15336,protein_therapeutics
27409,15342,exome_sequencing
27402,15344,pcr_and_qpcr
31493,15345,digital_pcr
27345,15351,biosynthetic_pathways
27550,15364,rna_therapeutics
27803,15370,mammalian_cell_culture
27820,15371,microbial_fermentation
27848,15372,continuous_bioprocessing
15374,27385,metabolic_engineering
27386,15375,biofuel_production
24747,15389,clinical_chemistry
15404,27943,immunoassay_techniques
15409,24748,molecular_diagnostics
24767,15410,infectious_disease_testing
27431,15421,cell_cycle_analysis
15424,27873,mass_spectrometry
24764,15428,cardiac_markers
27329,15434,hla_typing
24998,15461,epic_ambulatory
24999,15462,epic_inpatient
25009,15471,meditech_expanse
25010,15472,meditech_6_x
15480,25033,healthcare_data_analytics
15485,25013,clinical_decision_support_systems
25014,15486,drug_drug_interaction_alerts
25019,15491,regional_hie
24902,15510,synchronous_telehealth
24903,15511,asynchronous_telehealth
24905,15512,remote_patient_monitoring
15515,30600,clinical_note_analysis
17655,15527,real_time_analytics
25112,15540,chronic_disease_epidemiology
30359,15547,disease_surveillance
30363,15548,syndromic_surveillance
30571,15550,sentinel_surveillance
25120,15554,chronic_disease_prevention
30004,15555,injury_prevention
25152,15561,tuberculosis_control
15572,25113,environmental_health
30725,15576,childhood_immunization
25116,15577,adult_vaccination
25149,15580,tobacco_control
15586,26436,adolescent_health
30524,15589,natural_disaster_response
15596,30384,outbreak_investigation
27300,15617,safety_pharmacology
15620,30664,good_manufacturing_practice_gmp
15623,27612,clinical_trial_management
15632,27582,clinical_data_management
27690,15654,fda_inspections
27691,15655,ema_inspections
30677,15659,pediatric_ethics
30652,15661,international_research_ethics
23392,15672,dispute_resolution
15673,27564,clinical_trial_design
30420,15674,basket_trials
30435,15679,oncology_trials
15680,30439,pediatric_trials
27588,15684,risk_based_monitoring
30427,15685,centralized_monitoring
15687,27595,medical_writing
27598,15689,scientific_publications
27568,15692,adaptive_designs
15698,27622,patient_recruitment_and_retention
27638,15705,pragmatic_trials
27546,15710,companion_diagnostics
31751,15716,pilot_studies
15719,30813,electronic_pro
15732,30806,clinical_quality_assurance
30667,15733,sponsor_audits
27692,15734,vendor_audits
15737,30448,investigational_product_management
440,15741,cold_chain_management
24716,15746,cardiac_monitoring
15753,24936,wearable_health_technology
24906,15755,glucose_monitoring
32005,15756,activity_tracking
15758,24912,ai_powered_diagnostics
15760,24780,pathology_ai
29743,15765,anxiety_treatment
15766,24926,digital_therapeutics
15767,24919,mental_health_apps
26815,15774,appointment_scheduling
30549,15790,mental_health_support
29970,15823,diversity_hiring
18442,15832,competitive_intelligence
15876,26203,employee_engagement_programs
15896,17521,disciplinary_actions
15975,32237,data_migration
16003,24542,union_payroll
32170,16006,overtime_management
33052,16016,multi_channel_support
27168,16026,workforce_scheduling
29966,16031,leadership_development
16032,25980,technical_training
18472,16038,peer_mentoring
16046,758,succession_planning
28111,16070,team_okrs
18533,16073,360_degree_reviews
16077,18532,continuous_feedback
16081,18475,360_degree_feedback
18534,16089,performance_improvement_plans
16153,18666,people_analytics
34792,16155,engagement_analytics
16227,17156,workers_compensation
21076,16327,modbus_tcp
21050,16371,ignition_scada
20054,16397,data_processing
16520,20041,production_scheduling
21063,16532,universal_robots
21094,16533,abb_yumi
21093,16534,fanuc_crx
21095,16535,kuka_lbr_iiwa
21070,16546,cognex_vision_systems
21071,16547,keyence_vision
21043,16554,andon_systems
16572,20064,arena_simulation
16574,20065,plant_simulation
21067,16586,kuka_krl
21062,16587,yaskawa_motoman
16617,19933,3d_vision_systems
21069,16626,offline_programming
20796,16641,tig_welding
16689,18164,network_topology
20740,16729,siemens_opcenter
20729,16747,finite_capacity_scheduling
16758,19536,recall_management
21245,16779,demand_planning
20736,16792,mrp_ii
2767,16851,configuration_management
16936,19494,iot_integration
20829,17010,heat_treatment
20963,17023,automated_material_handling
19008,17086,data_lineage
22694,17094,mobile_reports
8351,17097,lod_expressions
22875,17414,lead_management
19255,17474,pep_screening
17515,20121,carbon_footprint_reporting
620,18260,energy_efficiency
17626,19923,report_generation
22557,17663,churn_prediction
19037,17774,breach_investigation
17777,20110,timeline_reconstruction
17803,18194,policy_management
33781,18084,load_balancing
33667,18170,service_discovery
27714,18238,lifecycle_management
32422,18248,quota_management
18313,23521,device_configuration
32503,18325,custom_api_development
33856,18328,infrastructure_as_code
18344,26908,network_simulation
20887,18448,cross_functional_teams
22328,18529,quarterly_planning
18577,18984,stakeholder_communication
18599,19695,strategic_partnerships
31602,18906,joint_ventures
28099,18993,executive_reporting
31741,19056,pre_market_approval
26751,19067,free_trade_agreements
30653,19085,21_cfr_part_11
19089,34287,regulatory_advocacy
31565,19098,utility_patents
31566,19099,design_patents
31594,19135,clearance_search
19168,23723,social_impact
19254,31949,customer_onboarding
19332,26645,compliance_monitoring
31346,19342,portfolio_analysis
19427,26736,carrier_management
19431,26768,load_planning_and_optimization
31912,19451,white_glove_service
26753,19453,reverse_logistics
26778,19478,sap_ewm
26811,19491,passive_rfid
26810,19492,active_rfid
26794,19497,zone_picking
26795,19498,wave_picking
26790,19510,dynamic_slotting
19520,26742,cross_docking_operations
26745,19521,opportunistic_cross_docking
19532,26720,collaborative_planning
26754,19534,e_commerce_returns
34044,19535,warranty_returns
21743,19545,battery_management
26735,19574,ocean_freight
32421,19676,ai_driven_forecasting
27090,19678,new_product_forecasting
32636,19697,multi_channel_distribution
26930,19726,form_postponement
26892,19732,natural_disaster_planning
26850,19740,kanban_systems
19745,27145,carbon_neutral_shipping
32358,19759,gift_wrapping
29671,19792,hazard_communication
26958,19797,visual_inspection
21605,19816,pneumatic_conveying
33322,19829,automated_alerts
441,19836,blast_freezing
27964,19852,stability_studies
685,19885,allergen_management
21091,19909,vision_guided_agv
27042,19919,labor_management
32395,19927,collaborative_robots_cobots
19972,31886,mobile_scanning_apps
19986,32264,carrier_integration
29590,19997,heat_mapping
29604,19998,demographic_analysis
20018,27102,supply_chain_analytics
26897,20032,multi_echelon_inventory_optimization
32116,20033,safety_stock_calculation
27115,20046,forecasting_models
26725,20056,sap_tm
20862,20097,iso_90012015
20862,26942,iso_90012015
20151,21886,random_testing
20157,327,preventive_maintenance
26682,20177,total_cost_of_ownership_analysis
20183,26859,work_order_management
20190,23509,oil_analysis
20191,21771,ultrasonic_testing
25912,20194,critical_equipment_analysis
29191,20201,turf_management
29720,20206,space_utilization_analytics
20209,25854,dashboard_development
34154,20213,leed_commissioning
21754,20224,aluminum_welding
29520,20285,daylight_harvesting
23166,20300,arc_flash_studies
20304,21736,pump_control
20309,21739,uninterruptible_power_supply_ups_systems
20310,21740,online_ups
34136,20321,demand_controlled_ventilation
20334,29229,mobile_credentials
20335,29230,visitor_management
20447,299,electrostatic_spraying
33877,20500,third_party_auditing
34001,20506,single_stream_recycling
20512,30719,chemical_waste
25800,20529,sustainability_reporting
30711,20543,rodent_control
26783,20571,vendor_managed_inventory
31905,20584,personalized_service
20605,34279,certification_programs
20612,29726,iot_sensor_integration
29523,20643,circadian_lighting
25631,20647,water_quality_monitoring
20659,33931,energy_benchmarking
25957,20683,tank_entry
20732,26841,finite_capacity_planning
20733,26840,rough_cut_capacity_planning
20734,26842,long_term_capacity_planning
26836,20737,advanced_planning_systems
20738,26839,demand_driven_mrp
20748,27077,epicor_erp
20752,26881,real_time_oee_monitoring
20760,26855,production_line_balancing
20762,26857,u_shaped_cell_design
20775,26867,batch_production_management
20804,25548,sand_casting
20806,25550,die_casting
20807,25551,continuous_casting
20859,26977,process_capability_analysis
20860,26947,cusum_charts
23168,20855,autocad_electrical
20867,26951,kepner_tregoe
20868,26969,quality_auditing
20876,26964,aiag_vda_fmea
20894,26975,attribute_msa
20920,26961,supplier_scorecards
20923,26978,short_term_capability
31652,20944,discrete_event_simulation
26914,20957,make_vs_buy_analysis
20966,28029,bottleneck_analysis
25628,20975,conveyor_design
20986,26994,gemba_kaizen
21002,26853,production_kanban
21003,26854,withdrawal_kanban
21005,26851,e_kanban
21010,27006,dmaic_methodology
21040,27017,leader_standard_work
21034,27021,heijunka_box
21044,27025,andon_boards
21051,25884,ge_ifix
21057,23497,wonderware_intouch
21098,29658,intrusion_detection
21113,1351,risk_assessment
21133,23512,temperature_calibration
21134,23511,pressure_calibration
21219,26785,cycle_counting
21227,32122,warehouse_management_systems_wms
26780,21230,blue_yonder_wms
21234,26798,material_handling_equipment
25906,21236,conveyor_systems
21238,26916,abc_xyz_analysis
21244,26260,last_mile_delivery
26894,21246,s_and_op_sales_and_operations_planning
30364,21247,statistical_modeling
21252,26786,abc_cycle_counting
21259,26822,kitting_and_assembly
21285,23393,function_analysis
21295,31742,product_validation
31417,21308,cnc_prototyping
31418,21309,functional_prototyping
22188,32714,brand_refresh
22190,32311,premium_positioning
22192,32815,category_creation
22259,32724,media_planning_and_buying
22260,32727,programmatic_buying
22265,32566,programmatic_advertising
22278,32729,digital_billboards
22283,32732,print_advertising
22290,32741,podcast_advertising
22295,32699,multi_touch_attribution
22300,32682,creative_testing
22301,33140,audience_testing
22302,32550,landing_page_testing
22314,32564,native_advertising
22335,32531,search_campaigns
22336,32528,display_network
22337,32527,shopping_ads
22338,32533,youtube_ads
22344,32538,carousel_ads
22349,32543,dynamic_ads
22357,33114,spark_ads
22361,32900,core_web_vitals
22362,32049,schema_markup
22391,28723,conversion_rate_optimization
22394,28725,checkout_optimization
22395,32545,google_analytics
22396,32547,e_commerce_tracking
22405,32693,custom_event_tracking
22413,32554,retargeting_and_remarketing
22419,32562,display_advertising
22423,32570,video_marketing
22426,32578,mobile_marketing
22438,32064,walmart_marketplace
22441,32025,shopify_markets
22450,32746,product_launch_pr
34784,22500,virtual_events
22503,31939,review_management
22511,30234,qualitative_research_methods
22512,32852,focus_group_moderation
22526,723,market_segmentation
22527,32219,demographic_segmentation
22531,32862,pricing_analysis
22534,28202,concept_testing
22553,32874,social_listening_and_sentiment_analysis
22556,32674,crisis_detection
22582,32863,trend_analysis_and_forecasting
22588,28706,integrated_campaigns
22592,28686,art_direction
22593,28689,digital_art_direction
22605,30235,case_studies
22607,32769,landing_pages
22625,32756,brand_kits
22645,28711,presentation_design
32819,22646,sales_decks
22647,28712,pitch_decks
31553,22648,keynote_presentations
28945,22656,environment_design
22661,32829,viral_loops
22686,32575,growth_hacking
22712,32254,churn_prediction_and_prevention
22723,1312,sequential_testing
22727,32806,market_expansion
22730,32813,product_positioning_and_messaging
22731,32814,b2b_positioning
22736,28186,feature_comparison
22739,32808,product_launch_management
22745,32818,product_sheets
22747,32452,sales_playbooks
22748,32840,customer_marketing
22752,28127,pricing_strategy
22754,28128,tiered_pricing
22755,28129,usage_based_pricing
22756,32823,freemium_models
22760,32800,in_app_messaging
22787,32456,reseller_programs
22793,32573,micro_influencer_marketing
22801,33065,influencer_campaign_management
22848,33071,exclusive_partnerships
22868,32767,e_commerce_automation
22876,33117,account_based_marketing
22877,32747,event_marketing
28231,22885,responsive_design
22894,32226,abandoned_cart
22895,32552,email_a_b_testing
22901,32794,transactional_sms
22903,32796,two_way_messaging
22910,28744,email_accessibility
28494,22912,screen_reader_testing
28508,22913,keyboard_navigation
22917,24398,revenue_analytics
22947,32638,paid_social_strategy
22955,32669,community_management
22,22957,crisis_response
22959,32671,brand_advocacy
22960,32676,social_media_analytics
33142,22965,bulk_scheduling
22968,33147,sprout_social_platform_management
22969,33148,smart_inbox
22970,32668,social_crm
22973,32078,instagram_shopping
22975,32644,linkedin_marketing
22979,32647,twitter_x_marketing
22983,32648,twitter_ads
22985,32639,facebook_marketing
22987,32640,facebook_groups
22989,32571,youtube_marketing
22990,32655,youtube_seo
23001,32536,lead_generation_ads
23002,32537,conversion_campaigns
23003,32872,brand_awareness
23005,32672,social_listening_and_monitoring
23014,33027,user_generated_content_management
23015,32632,ugc_campaigns
23017,32077,social_commerce
23019,32080,tiktok_shop
23020,32081,pinterest_shopping
32589,23026,thought_leadership
23028,31824,product_launches
32382,23036,lead_qualification
23039,32748,brand_activations
23091,32683,performance_marketing
23100,32686,roas_optimization
23103,32898,google_search_console
23104,32921,meta_ads_manager
23105,32922,google_ads_certification
33387,23106,meta_blueprint_certification
5620,23245,clash_detection
23249,2822,composite_analysis
29387,23370,quality_and_safety
8186,24038,object_tracking
24246,10854,digital_storyboarding
25513,2629,extractive_metallurgy
25515,21237,non_ferrous_metallurgy
25515,2627,non_ferrous_metallurgy
25518,2628,physical_metallurgy
8332,27129,complex_queries
27305,15251,clinical_pharmacology
28629,1652,cross_browser_testing
29291,6192,4d_scheduling
29610,1727,performance_reporting
31654,2253,multiphysics_simulation
32822,15294,value_based_pricing
33311,8250,data_warehousing
921,7940,hyperparameter_tuning
926,7945,leaf_wise_growth
33631,1911,integration_testing
32591,5389,ad_copy
8020,976,sequential_api
8184,1082,image_filtering
8458,1296,remote_storage